Rk,Player,Nation,Pos,Squad,Age,Born,MP,Starts,Min,90s,Gls,Ast,G+A,G-PK,PK,PKatt,CrdY,CrdR,xG,npxG,xAG,npxG+xAG,PrgC,PrgP,PrgR,Gls,Ast,G+A,G-PK,G+A-PK,xG,xAG,xG+xAG,npxG,npxG+xAG,Matches
1,Brenden Aaronson,us USA,"FW,MF",Leeds United,25-080,2000,20,14,1245,13.8,4,3,7,4,0,0,1,0,2.9,2.9,2.8,5.7,29,39,88,0.29,0.22,0.51,0.29,0.51,0.21,0.20,0.41,0.21,0.41,Matches
2,Zach Abbott,eng ENG,DF,Nott'ham Forest,19-242,2006,1,0,45,0.5,0,0,0,0,0,0,0,0,0.0,0.0,0.0,0.0,0,1,1,0.00,0.00,0.00,0.00,0.00,0.00,0.00,0.00,0.00,0.00,Matches
3,Joshua Acheampong,eng ENG,DF,Chelsea,19-250,2006,8,6,470,5.2,1,0,1,1,0,0,0,0,0.6,0.6,0.1,0.7,5,13,4,0.19,0.00,0.19,0.19,0.19,0.12,0.01,0.13,0.12,0.13,Matches
4,Tyler Adams,us USA,MF,Bournemouth,26-330,1999,15,15,1195,13.3,2,1,3,2,0,0,5,0,0.5,0.5,0.1,0.5,12,61,7,0.15,0.08,0.23,0.15,0.23,0.03,0.01,0.04,0.03,0.04,Matches
5,Tosin Adarabioyo,eng ENG,DF,Chelsea,28-108,1997,10,6,651,7.2,0,0,0,0,0,0,2,0,0.1,0.1,0.7,0.8,3,21,0,0.00,0.00,0.00,0.00,0.00,0.01,0.09,0.11,0.01,0.11,Matches
6,Simon Adingra,ci CIV,"FW,MF",Sunderland,24-009,2002,14,9,653,7.3,1,0,1,1,0,0,2,0,0.3,0.3,0.9,1.2,25,8,67,0.14,0.00,0.14,0.14,0.14,0.05,0.12,0.17,0.05,0.17,Matches
7,Amine Adli,ma MAR,"FW,MF",Bournemouth,25-245,2000,17,3,442,4.9,1,0,1,1,0,0,1,0,1.0,1.0,0.5,1.4,11,19,37,0.20,0.00,0.20,0.20,0.20,0.20,0.09,0.30,0.20,0.30,Matches
8,Emmanuel Agbadou,ci CIV,DF,Wolves,28-207,1997,13,11,1011,11.2,0,0,0,0,0,0,1,1,0.5,0.5,0.2,0.6,5,37,7,0.00,0.00,0.00,0.00,0.00,0.04,0.01,0.06,0.04,0.06,Matches
9,Nayef Aguerd,ma MAR,DF,West Ham,29-286,1996,2,2,180,2.0,0,0,0,0,0,0,0,0,0.1,0.1,0.0,0.1,2,9,0,0.00,0.00,0.00,0.00,0.00,0.05,0.00,0.05,0.05,0.05,Matches
10,Ola Aina,ng NGA,DF,Nott'ham Forest,29-094,1996,5,5,428,4.8,0,0,0,0,0,0,1,0,0.1,0.1,0.2,0.3,6,16,12,0.00,0.00,0.00,0.00,0.00,0.01,0.04,0.05,0.01,0.05,Matches
11,Rayan Aït-Nouri,dz ALG,DF,Manchester City,24-218,2001,5,3,204,2.3,0,0,0,0,0,0,1,0,0.0,0.0,0.2,0.3,7,7,8,0.00,0.00,0.00,0.00,0.00,0.02,0.10,0.12,0.02,0.12,Matches
12,Kristoffer Ajer,no NOR,DF,Brentford,27-268,1998,15,11,973,10.8,0,1,1,0,0,0,1,0,0.7,0.7,0.7,1.4,8,27,10,0.00,0.09,0.09,0.00,0.09,0.07,0.07,0.13,0.07,0.13,Matches
13,Nathan Aké,nl NED,DF,Manchester City,30-326,1995,11,3,401,4.5,0,0,0,0,0,0,1,0,0.3,0.3,0.4,0.7,6,26,3,0.00,0.00,0.00,0.00,0.00,0.06,0.10,0.16,0.06,0.16,Matches
14,Carlos Alcaraz,ar ARG,"MF,FW",Everton,23-041,2002,15,6,663,7.4,0,1,1,0,0,0,3,0,1.1,1.1,0.8,2.0,8,21,26,0.00,0.14,0.14,0.00,0.14,0.15,0.11,0.27,0.15,0.27,Matches
15,Omar Alderete,py PAR,DF,Sunderland,29-015,1996,17,16,1470,16.3,1,1,2,1,0,0,3,0,1.2,1.2,0.1,1.3,15,60,4,0.06,0.06,0.12,0.06,0.12,0.07,0.01,0.08,0.07,0.08,Matches
16,Alisson,br BRA,GK,Liverpool,33-100,1992,16,16,1440,16.0,0,0,0,0,0,0,0,0,0.0,0.0,0.0,0.0,0,4,0,0.00,0.00,0.00,0.00,0.00,0.00,0.00,0.00,0.00,0.00,Matches
17,Max Alleyne,eng ENG,DF,Manchester City,20-173,2005,1,1,90,1.0,0,0,0,0,0,0,0,0,0.2,0.2,0.0,0.2,1,6,0,0.00,0.00,0.00,0.00,0.00,0.16,0.03,0.19,0.16,0.19,Matches
18,Jaydon Amauri Banel,nl NED,MF,Burnley,21-083,2004,1,0,10,0.1,0,0,0,0,0,0,0,0,0.0,0.0,0.0,0.0,0,1,0,0.00,0.00,0.00,0.00,0.00,0.00,0.00,0.00,0.00,0.00,Matches
19,Ethan Ampadu,wls WAL,MF,Leeds United,25-118,2000,18,18,1589,17.7,1,0,1,1,0,0,6,0,1.6,1.6,0.1,1.8,21,68,17,0.06,0.00,0.06,0.06,0.06,0.09,0.01,0.10,0.09,0.10,Matches
20,Joachim Andersen,dk DEN,DF,Fulham,29-224,1996,20,20,1751,19.5,0,0,0,0,0,0,4,0,0.8,0.8,0.8,1.6,10,86,5,0.00,0.00,0.00,0.00,0.00,0.04,0.04,0.08,0.04,0.08,Matches
21,Elliot Anderson,eng ENG,MF,Nott'ham Forest,23-065,2002,21,21,1890,21.0,1,2,3,0,1,1,4,0,1.8,1.0,2.2,3.2,29,177,56,0.05,0.10,0.14,0.00,0.10,0.08,0.11,0.19,0.05,0.15,Matches
22,André,br BRA,MF,Wolves,24-178,2001,20,15,1425,15.8,0,0,0,0,0,0,5,0,0.2,0.2,0.5,0.7,11,58,6,0.00,0.00,0.00,0.00,0.00,0.01,0.03,0.05,0.01,0.05,Matches
23,Jaidon Anthony,eng ENG,"MF,FW",Burnley,26-040,1999,20,15,1256,14.0,5,1,6,5,0,0,3,0,2.5,2.5,0.6,3.1,27,19,72,0.36,0.07,0.43,0.36,0.43,0.18,0.05,0.22,0.18,0.22,Matches
24,Alphonse Areola,fr FRA,GK,West Ham,32-317,1993,17,17,1530,17.0,0,1,1,0,0,0,0,0,0.0,0.0,0.0,0.0,0,0,0,0.00,0.06,0.06,0.00,0.06,0.00,0.00,0.00,0.00,0.00,Matches
25,Jhon Arias,co COL,"FW,MF",Wolves,28-111,1997,20,13,1048,11.6,1,0,1,1,0,0,1,0,3.3,3.3,0.6,3.9,19,33,45,0.09,0.00,0.09,0.09,0.09,0.28,0.05,0.33,0.28,0.33,Matches
26,Harrison Armstrong,eng ENG,MF,Everton,18-356,2007,3,1,101,1.1,0,0,0,0,0,0,0,0,0.0,0.0,0.0,0.0,2,4,6,0.00,0.00,0.00,0.00,0.00,0.00,0.04,0.04,0.00,0.04,Matches
27,Tolu Arokodare,ng NGA,FW,Wolves,25-048,2000,17,7,673,7.5,1,0,1,1,0,0,1,0,1.5,1.5,0.6,2.1,9,6,28,0.13,0.00,0.13,0.13,0.13,0.20,0.08,0.28,0.20,0.28,Matches
28,Taiwo Awoniyi,ng NGA,FW,Nott'ham Forest,28-151,1997,7,1,187,2.1,0,0,0,0,0,0,0,0,0.5,0.5,0.4,0.9,1,1,9,0.00,0.00,0.00,0.00,0.00,0.22,0.20,0.42,0.22,0.42,Matches
29,Yasin Ayari,se SWE,MF,Brighton,22-096,2003,19,16,1521,16.9,2,1,3,2,0,0,0,0,2.4,2.4,0.9,3.3,13,52,24,0.12,0.06,0.18,0.12,0.18,0.14,0.05,0.20,0.14,0.20,Matches
30,Benoît Badiashile,fr FRA,DF,Chelsea,24-290,2001,6,4,336,3.7,0,0,0,0,0,0,2,0,0.0,0.0,0.0,0.0,1,18,0,0.00,0.00,0.00,0.00,0.00,0.00,0.00,0.00,0.00,0.00,Matches
31,Dilane Bakwa,fr FRA,FW,Nott'ham Forest,23-137,2002,8,3,303,3.4,0,1,1,0,0,0,1,0,0.4,0.4,0.9,1.3,12,12,38,0.00,0.30,0.30,0.00,0.30,0.12,0.27,0.39,0.12,0.39,Matches
32,Carlos Baleba,cm CMR,MF,Brighton,22-007,2004,16,14,896,10.0,0,0,0,0,0,0,4,0,0.2,0.2,0.1,0.3,10,24,8,0.00,0.00,0.00,0.00,0.00,0.02,0.01,0.03,0.02,0.03,Matches
33,Daniel Ballard,nir NIR,DF,Sunderland,26-110,1999,17,13,1225,13.6,2,0,2,2,0,0,2,0,1.4,1.4,0.7,2.1,6,34,4,0.15,0.00,0.15,0.15,0.15,0.10,0.05,0.16,0.10,0.16,Matches
34,Ross Barkley,eng ENG,MF,Aston Villa,32-036,1993,7,0,121,1.3,1,0,1,1,0,0,0,0,0.4,0.4,0.5,0.9,5,9,4,0.74,0.00,0.74,0.74,0.74,0.29,0.37,0.65,0.29,0.65,Matches
35,Ashley Barnes,eng ENG,FW,Burnley,36-072,1989,2,0,11,0.1,0,0,0,0,0,0,0,0,0.1,0.1,0.0,0.1,0,0,1,0.00,0.00,0.00,0.00,0.00,0.86,0.00,0.86,0.86,0.86,Matches
36,Harvey Barnes,eng ENG,FW,Newcastle Utd,28-032,1997,20,9,951,10.6,5,0,5,5,0,0,0,0,4.5,4.5,1.4,5.9,38,34,106,0.47,0.00,0.47,0.47,0.47,0.43,0.13,0.56,0.43,0.56,Matches
37,Thierno Barry,fr FRA,FW,Everton,23-081,2002,21,13,1105,12.3,3,0,3,3,0,0,2,0,3.5,3.5,0.4,3.9,9,8,60,0.24,0.00,0.24,0.24,0.24,0.28,0.03,0.32,0.28,0.32,Matches
38,Calvin Bassey,ng NGA,DF,Fulham,26-010,1999,16,15,1359,15.1,1,0,1,1,0,0,3,0,0.6,0.6,0.1,0.7,19,51,4,0.07,0.00,0.07,0.07,0.07,0.04,0.01,0.05,0.04,0.05,Matches
39,Altay Bayındır,tr TUR,GK,Manchester Utd,27-271,1998,6,6,540,6.0,0,0,0,0,0,0,0,0,0.0,0.0,0.2,0.2,0,0,0,0.00,0.00,0.00,0.00,0.00,0.00,0.04,0.04,0.00,0.04,Matches
40,Jean-Ricner Bellegarde,ht HAI,"MF,FW",Wolves,27-197,1998,14,9,689,7.7,1,0,1,1,0,0,1,0,0.8,0.8,0.4,1.2,26,40,22,0.13,0.00,0.13,0.13,0.13,0.11,0.05,0.16,0.11,0.16,Matches
41,Rodrigo Bentancur,uy URU,MF,Tottenham,28-199,1997,20,17,1410,15.7,1,1,2,1,0,0,5,0,0.5,0.5,0.8,1.2,11,41,19,0.06,0.06,0.13,0.06,0.13,0.03,0.05,0.08,0.03,0.08,Matches
42,Sander Berge,no NOR,MF,Fulham,27-330,1998,21,20,1722,19.1,0,1,1,0,0,0,3,0,0.6,0.6,1.5,2.2,32,111,16,0.00,0.05,0.05,0.00,0.05,0.03,0.08,0.11,0.03,0.11,Matches
43,Lucas Bergvall,se SWE,"MF,FW",Tottenham,19-342,2006,16,10,804,8.9,1,2,3,1,0,0,2,0,0.9,0.9,0.3,1.2,13,33,35,0.11,0.22,0.34,0.11,0.34,0.10,0.03,0.13,0.10,0.13,Matches
44,Beto,gw GNB,FW,Everton,27-344,1998,21,8,835,9.3,2,0,2,2,0,0,1,0,4.7,4.7,0.4,5.1,5,2,32,0.22,0.00,0.22,0.22,0.22,0.50,0.04,0.55,0.50,0.55,Matches
45,Jaka Bijol,si SVN,DF,Leeds United,26-339,1999,12,11,982,10.9,1,1,2,1,0,0,1,0,0.5,0.5,0.5,1.0,6,25,3,0.09,0.09,0.18,0.09,0.18,0.04,0.05,0.09,0.04,0.09,Matches
46,Marco Bizot,nl NED,GK,Aston Villa,34-306,1991,5,4,405,4.5,0,0,0,0,0,0,2,0,0.0,0.0,0.0,0.0,0,1,0,0.00,0.00,0.00,0.00,0.00,0.00,0.00,0.00,0.00,0.00,Matches
47,Oscar Bobb,no NOR,"MF,FW",Manchester City,22-182,2003,9,5,468,5.2,0,1,1,0,0,0,1,0,0.4,0.4,0.7,1.1,17,18,55,0.00,0.19,0.19,0.00,0.19,0.08,0.13,0.21,0.08,0.21,Matches
48,Lamare Bogarde,nl NED,"MF,DF",Aston Villa,22-005,2004,16,4,440,4.9,0,0,0,0,0,0,4,0,0.0,0.0,0.0,0.0,5,13,3,0.00,0.00,0.00,0.00,0.00,0.00,0.01,0.01,0.00,0.01,Matches
49,Jayden Bogle,eng ENG,DF,Leeds United,25-167,2000,19,18,1580,17.6,0,1,1,0,0,0,4,0,1.2,1.2,0.7,1.8,32,49,65,0.00,0.06,0.06,0.00,0.06,0.07,0.04,0.10,0.07,0.10,Matches
50,Sebastiaan Bornauw,be BEL,DF,Leeds United,26-294,1999,5,2,164,1.8,0,0,0,0,0,0,0,0,0.0,0.0,0.0,0.0,1,3,2,0.00,0.00,0.00,0.00,0.00,0.00,0.00,0.00,0.00,0.00,Matches
51,Olivier Boscagli,fr FRA,DF,Brighton,28-053,1997,3,2,143,1.6,0,0,0,0,0,0,1,0,0.0,0.0,0.0,0.0,6,14,4,0.00,0.00,0.00,0.00,0.00,0.00,0.00,0.00,0.00,0.00,Matches
52,Sven Botman,nl NED,DF,Newcastle Utd,25-363,2000,11,8,701,7.8,0,1,1,0,0,0,0,0,0.3,0.3,0.6,0.9,1,23,3,0.00,0.13,0.13,0.00,0.13,0.03,0.08,0.12,0.03,0.12,Matches
53,Jarrod Bowen,eng ENG,"FW,MF",West Ham,29-021,1996,21,21,1890,21.0,6,1,7,6,0,0,2,0,4.7,4.7,2.0,6.7,68,43,151,0.29,0.05,0.33,0.29,0.33,0.23,0.09,0.32,0.23,0.32,Matches
54,Conor Bradley,nir NIR,DF,Liverpool,22-185,2003,15,12,929,10.3,0,1,1,0,0,0,5,0,0.2,0.2,1.1,1.3,25,44,47,0.00,0.10,0.10,0.00,0.10,0.02,0.10,0.13,0.02,0.13,Matches
55,Brian Brobbey,nl NED,FW,Sunderland,23-343,2002,16,7,707,7.9,3,1,4,3,0,0,1,0,1.9,1.9,0.2,2.1,3,9,28,0.38,0.13,0.51,0.38,0.51,0.24,0.02,0.26,0.24,0.26,Matches
56,Armando Broja,al ALB,FW,Burnley,24-122,2001,15,6,635,7.1,1,1,2,1,0,0,0,0,1.9,1.9,0.3,2.2,14,6,32,0.14,0.14,0.28,0.14,0.28,0.27,0.04,0.32,0.27,0.32,Matches
57,David Brooks,wls WAL,"FW,MF",Bournemouth,28-186,1997,19,11,937,10.4,1,2,3,1,0,0,6,0,4.3,4.3,2.6,6.8,30,37,93,0.10,0.19,0.29,0.10,0.29,0.41,0.25,0.66,0.41,0.66,Matches
58,Jacob Bruun Larsen,dk DEN,"FW,MF",Burnley,27-113,1998,18,9,861,9.6,0,1,1,0,0,0,0,0,1.2,1.2,1.4,2.6,16,22,61,0.00,0.10,0.10,0.00,0.10,0.12,0.14,0.27,0.12,0.27,Matches
59,Emi Buendía,ar ARG,"MF,FW",Aston Villa,29-016,1996,19,9,769,8.5,4,2,6,4,0,0,2,0,1.8,1.8,1.4,3.3,19,39,37,0.47,0.23,0.70,0.47,0.70,0.21,0.17,0.38,0.21,0.38,Matches
60,Hugo Bueno,es ESP,"DF,MF",Wolves,23-114,2002,18,12,1163,12.9,0,1,1,0,0,0,1,0,0.4,0.4,1.3,1.7,46,32,70,0.00,0.08,0.08,0.00,0.08,0.03,0.10,0.13,0.03,0.13,Matches
61,Santiago Bueno,uy URU,DF,Wolves,27-062,1998,12,11,1025,11.4,2,0,2,2,0,0,2,0,1.6,1.6,0.1,1.6,4,30,1,0.18,0.00,0.18,0.18,0.18,0.14,0.01,0.14,0.14,0.14,Matches
62,Facundo Buonanotte,ar ARG,MF,Chelsea,21-018,2004,1,1,45,0.5,0,0,0,0,0,0,0,0,0.0,0.0,0.3,0.3,0,0,5,0.00,0.00,0.00,0.00,0.00,0.00,0.51,0.51,0.00,0.51,Matches
63,Dan Burn,eng ENG,DF,Newcastle Utd,33-246,1992,15,15,1255,13.9,0,2,2,0,0,0,5,1,0.1,0.1,0.3,0.4,5,39,24,0.00,0.14,0.14,0.00,0.14,0.01,0.02,0.03,0.01,0.03,Matches
64,Bradley Burrowes,eng ENG,DF,Aston Villa,17-312,2008,1,0,17,0.2,0,0,0,0,0,0,0,0,0.0,0.0,0.0,0.0,1,0,4,0.00,0.00,0.00,0.00,0.00,0.00,0.00,0.00,0.00,0.00,Matches
65,Sam Byram,eng ENG,DF,Leeds United,32-116,1993,1,0,8,0.1,0,0,0,0,0,0,0,0,0.0,0.0,0.0,0.0,0,0,0,0.00,0.00,0.00,0.00,0.00,0.00,0.00,0.00,0.00,0.00,Matches
66,Moisés Caicedo,ec ECU,MF,Chelsea,24-069,2001,16,15,1342,14.9,3,1,4,3,0,0,5,1,0.9,0.9,1.1,2.0,11,91,13,0.20,0.07,0.27,0.20,0.27,0.06,0.08,0.13,0.06,0.13,Matches
67,Tom Cairney,sct SCO,MF,Fulham,34-355,1991,13,3,408,4.5,1,0,1,1,0,0,2,0,0.6,0.6,0.1,0.7,5,36,6,0.22,0.00,0.22,0.22,0.22,0.14,0.03,0.16,0.14,0.16,Matches
68,Riccardo Calafiori,it ITA,DF,Arsenal,23-236,2002,16,16,1255,13.9,1,2,3,1,0,0,5,0,2.5,2.5,0.5,3.0,23,48,56,0.07,0.14,0.22,0.07,0.22,0.18,0.04,0.21,0.18,0.21,Matches
69,Dominic Calvert-Lewin,eng ENG,FW,Leeds United,28-300,1997,19,14,1311,14.6,9,1,10,7,2,2,1,0,8.1,6.5,1.3,7.8,9,16,66,0.62,0.07,0.69,0.48,0.55,0.55,0.09,0.64,0.44,0.53,Matches
70,Jaydee Canvot,fr FRA,DF,Crystal Palace,19-165,2006,8,2,293,3.3,0,0,0,0,0,0,0,0,0.0,0.0,0.0,0.0,3,10,4,0.00,0.00,0.00,0.00,0.00,0.01,0.00,0.01,0.01,0.01,Matches
71,Fabio Carvalho,pt POR,"FW,MF",Brentford,23-133,2002,6,1,102,1.1,1,0,1,1,0,0,0,0,0.7,0.7,0.0,0.7,2,2,6,0.88,0.00,0.88,0.88,0.88,0.62,0.00,0.62,0.62,0.62,Matches
72,Casemiro,br BRA,MF,Manchester Utd,33-321,1992,19,18,1301,14.5,4,1,5,4,0,0,7,1,3.1,3.1,2.0,5.1,10,77,24,0.28,0.07,0.35,0.28,0.35,0.21,0.14,0.35,0.21,0.35,Matches
73,Matty Cash,pl POL,DF,Aston Villa,28-156,1997,20,20,1770,19.7,3,2,5,3,0,0,5,0,0.7,0.7,1.8,2.5,27,68,86,0.15,0.10,0.25,0.15,0.25,0.04,0.09,0.13,0.04,0.13,Matches
74,Timothy Castagne,be BEL,"DF,FW",Fulham,30-036,1995,16,8,769,8.5,0,0,0,0,0,0,2,0,0.9,0.9,0.5,1.3,13,22,51,0.00,0.00,0.00,0.00,0.00,0.10,0.05,0.16,0.10,0.16,Matches
75,Valentín Castellanos,ar ARG,FW,West Ham,27-099,1998,1,1,90,1.0,0,0,0,0,0,0,0,0,0.4,0.4,0.1,0.5,1,1,3,0.00,0.00,0.00,0.00,0.00,0.40,0.05,0.45,0.40,0.45,Matches
76,Trevoh Chalobah,eng ENG,DF,Chelsea,26-189,1999,20,20,1740,19.3,3,0,3,3,0,0,3,1,1.1,1.1,0.1,1.2,15,54,3,0.16,0.00,0.16,0.16,0.16,0.06,0.01,0.06,0.06,0.06,Matches
77,Rayan Cherki,fr FRA,"MF,FW",Manchester City,22-146,2003,16,10,840,9.3,2,7,9,2,0,0,1,0,1.7,1.7,5.7,7.3,56,58,92,0.21,0.75,0.96,0.21,0.96,0.18,0.61,0.79,0.18,0.79,Matches
78,Federico Chiesa,it ITA,"FW,MF",Liverpool,28-077,1997,15,1,240,2.7,2,1,3,2,0,0,2,0,1.2,1.2,1.3,2.5,8,11,27,0.75,0.37,1.13,0.75,1.13,0.46,0.47,0.94,0.46,0.94,Matches
79,Tawanda Chirewa,zw ZIM,"MF,FW",Wolves,22-091,2003,2,0,27,0.3,0,0,0,0,0,0,0,0,0.0,0.0,0.0,0.0,0,0,0,0.00,0.00,0.00,0.00,0.00,0.00,0.00,0.00,0.00,0.00,Matches
80,Ryan Christie,sct SCO,MF,Bournemouth,30-322,1995,11,1,296,3.3,1,0,1,1,0,0,1,0,1.1,1.1,0.1,1.2,8,25,9,0.30,0.00,0.30,0.30,0.30,0.35,0.02,0.37,0.35,0.37,Matches
81,Samuel Chukwueze,ng NGA,FW,Fulham,26-233,1999,9,3,398,4.4,2,4,6,2,0,0,0,0,1.0,1.0,1.7,2.7,19,18,44,0.45,0.90,1.36,0.45,1.36,0.23,0.39,0.61,0.23,0.61,Matches
82,Dennis Cirkin,eng ENG,DF,Sunderland,23-279,2002,4,3,250,2.8,0,0,0,0,0,0,1,0,0.0,0.0,0.0,0.0,5,5,6,0.00,0.00,0.00,0.00,0.00,0.00,0.00,0.00,0.00,0.00,Matches
83,Nathaniel Clyne,eng ENG,DF,Crystal Palace,34-280,1991,7,6,418,4.6,0,1,1,0,0,0,0,0,0.5,0.5,1.1,1.6,8,11,30,0.00,0.22,0.22,0.00,0.22,0.10,0.25,0.35,0.10,0.35,Matches
84,Séamus Coleman,ie IRL,"DF,FW",Everton,37-091,1988,3,1,11,0.1,0,0,0,0,0,0,0,0,0.0,0.0,0.0,0.0,0,1,0,0.00,0.00,0.00,0.00,0.00,0.00,0.00,0.00,0.00,0.00,Matches
85,Nathan Collins,ie IRL,DF,Brentford,24-255,2001,21,20,1817,20.2,1,2,3,1,0,0,4,0,1.5,1.5,1.7,3.2,12,55,5,0.05,0.10,0.15,0.05,0.15,0.07,0.08,0.16,0.07,0.16,Matches
86,Lewis Cook,eng ENG,"MF,DF",Bournemouth,28-341,1997,11,4,501,5.6,0,1,1,0,0,0,1,1,0.1,0.1,0.3,0.3,16,34,10,0.00,0.18,0.18,0.00,0.18,0.01,0.05,0.06,0.01,0.06,Matches
87,Diego Coppola,it ITA,DF,Brighton,22-013,2003,5,2,194,2.2,0,0,0,0,0,0,2,0,0.0,0.0,0.0,0.0,2,11,0,0.00,0.00,0.00,0.00,0.00,0.00,0.00,0.00,0.00,0.00,Matches
88,Marc Cucurella,es ESP,DF,Chelsea,27-172,1998,19,18,1525,16.9,0,2,2,0,0,0,3,1,0.6,0.6,1.7,2.3,26,78,49,0.00,0.12,0.12,0.00,0.12,0.03,0.10,0.14,0.03,0.14,Matches
89,Jorge Cuenca,es ESP,DF,Fulham,26-054,1999,8,7,574,6.4,0,0,0,0,0,0,3,0,0.0,0.0,0.0,0.0,2,23,0,0.00,0.00,0.00,0.00,0.00,0.00,0.01,0.01,0.00,0.01,Matches
90,Josh Cullen,ie IRL,MF,Burnley,29-278,1996,18,18,1514,16.8,2,2,4,2,0,0,2,0,0.9,0.9,2.1,3.0,7,68,11,0.12,0.12,0.24,0.12,0.24,0.05,0.12,0.18,0.05,0.18,Matches
91,Jair Cunha,br BRA,DF,Nott'ham Forest,20-309,2005,1,1,90,1.0,0,0,0,0,0,0,0,0,0.0,0.0,0.0,0.0,0,1,0,0.00,0.00,0.00,0.00,0.00,0.00,0.00,0.00,0.00,0.00,Matches
92,Matheus Cunha,br BRA,"MF,FW",Manchester Utd,26-228,1999,18,16,1372,15.2,4,1,5,4,0,0,1,0,5.1,5.1,1.5,6.6,54,57,78,0.26,0.07,0.33,0.26,0.33,0.33,0.10,0.43,0.33,0.43,Matches
93,Diogo Dalot,pt POR,DF,Manchester Utd,26-298,1999,19,16,1407,15.6,1,2,3,1,0,0,2,0,1.3,1.3,2.3,3.6,28,51,93,0.06,0.13,0.19,0.06,0.19,0.08,0.15,0.23,0.08,0.23,Matches
94,Mikkel Damsgaard,dk DEN,MF,Brentford,25-191,2000,18,13,1166,13.0,1,3,4,1,0,0,0,0,1.1,1.1,3.6,4.7,23,65,58,0.08,0.23,0.31,0.08,0.31,0.09,0.28,0.36,0.09,0.36,Matches
95,Kevin Danso,at AUT,DF,Tottenham,27-113,1998,12,7,585,6.5,0,0,0,0,0,0,4,0,0.0,0.0,0.0,0.0,4,22,0,0.00,0.00,0.00,0.00,0.00,0.00,0.00,0.00,0.00,0.00,Matches
96,Karl Darlow,wls WAL,GK,Leeds United,35-094,1990,5,5,450,5.0,0,0,0,0,0,0,0,0,0.0,0.0,0.0,0.0,0,1,0,0.00,0.00,0.00,0.00,0.00,0.00,0.00,0.00,0.00,0.00,Matches
97,Ben Davies,wls WAL,DF,Tottenham,32-261,1993,2,1,119,1.3,1,0,1,1,0,0,0,0,0.5,0.5,0.1,0.5,2,3,0,0.76,0.00,0.76,0.76,0.76,0.37,0.04,0.41,0.37,0.41,Matches
98,Maxim De Cuyper,be BEL,"DF,FW",Brighton,25-019,2000,18,12,979,10.9,2,0,2,2,0,0,2,0,1.5,1.5,1.6,3.1,16,46,57,0.18,0.00,0.18,0.18,0.18,0.14,0.15,0.29,0.14,0.29,Matches
99,Liam Delap,eng ENG,FW,Chelsea,22-336,2003,12,8,575,6.4,1,0,1,1,0,0,2,0,2.4,2.4,0.1,2.5,12,7,41,0.16,0.00,0.16,0.16,0.16,0.38,0.01,0.39,0.38,0.39,Matches
100,Sepp van den Berg,nl NED,DF,Brentford,24-021,2001,17,17,1530,17.0,0,0,0,0,0,0,1,0,1.6,1.6,0.5,2.1,13,35,9,0.00,0.00,0.00,0.00,0.00,0.10,0.03,0.13,0.10,0.13,Matches
101,Justin Devenny,nir NIR,"MF,DF",Crystal Palace,22-091,2003,17,4,513,5.7,1,0,1,0,1,1,0,0,2.6,1.8,0.3,2.1,15,13,39,0.18,0.00,0.18,0.00,0.00,0.46,0.05,0.51,0.32,0.37,Matches
102,Kiernan Dewsbury-Hall,eng ENG,MF,Everton,27-126,1998,15,15,1257,14.0,4,2,6,4,0,0,5,0,1.6,1.6,2.9,4.5,23,73,58,0.29,0.14,0.43,0.29,0.43,0.11,0.21,0.32,0.11,0.32,Matches
103,Bafodé Diakité,fr FRA,DF,Bournemouth,25-004,2001,16,15,1264,14.0,0,0,0,0,0,0,1,0,0.0,0.0,0.1,0.1,4,44,3,0.00,0.00,0.00,0.00,0.00,0.00,0.01,0.01,0.00,0.01,Matches
104,Amad Diallo,ci CIV,"DF,MF",Manchester Utd,23-183,2002,15,14,1203,13.4,2,2,4,2,0,0,1,0,3.7,3.7,3.0,6.6,71,49,122,0.15,0.15,0.30,0.15,0.30,0.27,0.22,0.50,0.27,0.50,Matches
105,Habib Diarra,sn SEN,MF,Sunderland,22-007,2004,5,4,372,4.1,0,0,0,0,0,0,1,0,0.6,0.6,0.0,0.6,10,13,18,0.00,0.00,0.00,0.00,0.00,0.14,0.01,0.15,0.14,0.15,Matches
106,Rúben Dias,pt POR,DF,Manchester City,28-241,1997,20,19,1706,19.0,2,0,2,2,0,0,2,0,0.5,0.5,0.1,0.6,14,84,1,0.11,0.00,0.11,0.11,0.11,0.03,0.01,0.03,0.03,0.03,Matches
107,Tyler Dibling,eng ENG,FW,Everton,19-304,2006,11,4,326,3.6,0,0,0,0,0,0,2,0,0.2,0.2,0.2,0.4,11,3,14,0.00,0.00,0.00,0.00,0.00,0.06,0.04,0.10,0.06,0.10,Matches
108,Lucas Digne,fr FRA,DF,Aston Villa,32-174,1993,20,14,1198,13.3,0,3,3,0,0,0,2,0,0.5,0.5,1.3,1.8,14,36,82,0.00,0.23,0.23,0.00,0.23,0.04,0.09,0.13,0.04,0.13,Matches
109,Issa Diop,fr FRA,DF,Fulham,29-001,1997,7,4,413,4.6,0,0,0,0,0,0,1,0,0.0,0.0,0.0,0.0,2,9,0,0.00,0.00,0.00,0.00,0.00,0.00,0.00,0.00,0.00,0.00,Matches
110,El Hadji Malick Diouf,sn SEN,DF,West Ham,21-013,2004,16,15,1387,15.4,0,3,3,0,0,0,3,0,0.4,0.4,0.8,1.2,18,36,63,0.00,0.19,0.19,0.00,0.19,0.03,0.05,0.08,0.03,0.08,Matches
111,Matt Doherty,ie IRL,DF,Wolves,33-359,1992,8,8,598,6.6,0,0,0,0,0,0,4,0,0.1,0.1,0.4,0.5,3,21,6,0.00,0.00,0.00,0.00,0.00,0.01,0.05,0.07,0.01,0.07,Matches
112,Jeremy Doku,be BEL,"MF,FW",Manchester City,23-228,2002,18,12,1089,12.1,1,4,5,1,0,0,0,0,1.7,1.7,6.4,8.1,123,56,130,0.08,0.33,0.41,0.08,0.41,0.14,0.53,0.67,0.14,0.67,Matches
113,Nicolás Domínguez,ar ARG,"MF,FW",Nott'ham Forest,27-196,1998,12,8,568,6.3,1,0,1,1,0,0,2,0,0.7,0.7,0.4,1.1,4,34,15,0.16,0.00,0.16,0.16,0.16,0.11,0.07,0.17,0.11,0.17,Matches
114,Gianluigi Donnarumma,it ITA,GK,Manchester City,26-319,1999,18,18,1620,18.0,0,0,0,0,0,0,5,0,0.0,0.0,0.0,0.0,0,0,0,0.00,0.00,0.00,0.00,0.00,0.00,0.00,0.00,0.00,0.00,Matches
115,Patrick Dorgu,dk DEN,"DF,FW",Manchester Utd,21-076,2004,20,12,1165,12.9,1,3,4,1,0,0,5,0,1.2,1.2,2.5,3.7,45,25,114,0.08,0.23,0.31,0.08,0.31,0.09,0.19,0.29,0.09,0.29,Matches
116,Max Dowman,eng ENG,FW,Arsenal,16-010,2009,2,0,29,0.3,0,0,0,0,0,0,0,0,0.1,0.1,0.0,0.1,4,0,6,0.00,0.00,0.00,0.00,0.00,0.43,0.00,0.43,0.43,0.43,Matches
117,Radu Drăgușin,ro ROU,DF,Tottenham,23-341,2002,1,0,6,0.1,0,0,0,0,0,0,0,0,0.1,0.1,0.0,0.1,0,0,0,0.00,0.00,0.00,0.00,0.00,1.19,0.00,1.19,1.19,1.19,Matches
118,Joél Drakes-Thomas,eng ENG,MF,Crystal Palace,16-215,2009,2,0,9,0.1,0,0,0,0,0,0,0,0,0.0,0.0,0.0,0.0,2,1,0,0.00,0.00,0.00,0.00,0.00,0.00,0.00,0.00,0.00,0.00,Matches
119,Martin Dúbravka,sk SVK,GK,Burnley,36-360,1989,21,21,1890,21.0,0,0,0,0,0,0,0,0,0.0,0.0,0.0,0.0,0,0,0,0.00,0.00,0.00,0.00,0.00,0.00,0.00,0.00,0.00,0.00,Matches
120,Lewis Dunk,eng ENG,DF,Brighton,34-050,1991,20,19,1755,19.5,0,0,0,0,0,0,8,0,0.7,0.7,0.1,0.8,14,69,1,0.00,0.00,0.00,0.00,0.00,0.03,0.01,0.04,0.03,0.04,Matches
121,George Earthy,eng ENG,FW,West Ham,21-127,2004,1,0,9,0.1,0,0,0,0,0,0,0,0,0.0,0.0,0.0,0.0,1,0,0,0.00,0.00,0.00,0.00,0.00,0.00,0.00,0.00,0.00,0.00,Matches
122,Odsonne Édouard,fr FRA,FW,Crystal Palace,27-359,1998,1,0,3,0.0,0,0,0,0,0,0,0,0,0.0,0.0,0.0,0.0,0,0,0,0.00,0.00,0.00,0.00,0.00,0.00,0.00,0.00,0.00,0.00,Matches
123,Marcus Edwards,eng ENG,"FW,MF",Burnley,27-038,1998,11,3,403,4.5,0,2,2,0,0,0,0,0,0.7,0.7,1.9,2.6,22,24,44,0.00,0.45,0.45,0.00,0.45,0.15,0.42,0.57,0.15,0.57,Matches
124,Hjalmar Ekdal,se SWE,DF,Burnley,27-081,1998,14,13,1162,12.9,0,0,0,0,0,0,0,0,0.3,0.3,0.1,0.4,2,24,3,0.00,0.00,0.00,0.00,0.00,0.02,0.01,0.03,0.02,0.03,Matches
125,Hugo Ekitike,fr FRA,FW,Liverpool,23-204,2002,18,13,1132,12.6,8,2,10,8,0,0,0,0,5.8,5.8,1.5,7.3,29,12,78,0.64,0.16,0.80,0.64,0.80,0.46,0.12,0.58,0.46,0.58,Matches
126,Anthony Elanga,se SWE,"FW,MF",Newcastle Utd,23-258,2002,17,7,684,7.6,0,1,1,0,0,0,0,0,1.1,1.1,1.1,2.2,29,19,98,0.00,0.13,0.13,0.00,0.13,0.15,0.15,0.29,0.15,0.29,Matches
127,Harvey Elliott,eng ENG,"MF,FW",Liverpool,22-281,2003,1,0,1,0.0,0,0,0,0,0,0,0,0,0.0,0.0,0.0,0.0,0,0,1,0.00,0.00,0.00,0.00,0.00,0.00,0.00,0.00,0.00,0.00,Matches
128,Harvey Elliott,eng ENG,"MF,FW",Aston Villa,22-281,2003,3,1,98,1.1,0,0,0,0,0,0,0,0,0.2,0.2,0.0,0.2,3,5,11,0.00,0.00,0.00,0.00,0.00,0.17,0.00,0.17,0.17,0.17,Matches
129,Wataru Endo,jp JPN,"MF,DF",Liverpool,32-335,1993,5,0,47,0.5,0,1,1,0,0,0,1,0,0.0,0.0,0.1,0.1,2,2,0,0.00,1.91,1.91,0.00,1.91,0.00,0.21,0.21,0.00,0.21,Matches
130,Romain Esse,eng ENG,"FW,MF",Crystal Palace,20-242,2005,4,0,44,0.5,0,0,0,0,0,0,0,0,0.0,0.0,0.0,0.0,1,5,10,0.00,0.00,0.00,0.00,0.00,0.00,0.00,0.00,0.00,0.00,Matches
131,Maxime Estève,fr FRA,DF,Burnley,23-229,2002,18,18,1535,17.1,0,0,0,0,0,0,0,0,0.4,0.4,0.4,0.8,5,38,1,0.00,0.00,0.00,0.00,0.00,0.03,0.02,0.05,0.03,0.05,Matches
132,Evanilson,br BRA,FW,Bournemouth,26-096,1999,19,16,1407,15.6,4,0,4,4,0,0,1,0,5.3,5.3,1.7,7.1,10,13,58,0.26,0.00,0.26,0.26,0.26,0.34,0.11,0.45,0.34,0.45,Matches
133,Eberechi Eze,eng ENG,"MF,FW",Arsenal,27-195,1998,15,11,923,10.3,4,2,6,4,0,0,0,0,2.3,2.3,1.2,3.5,24,42,44,0.39,0.20,0.59,0.39,0.59,0.22,0.12,0.34,0.22,0.34,Matches
134,Eberechi Eze,eng ENG,MF,Crystal Palace,27-195,1998,1,1,83,0.9,0,0,0,0,0,0,0,0,0.2,0.2,0.0,0.2,0,1,2,0.00,0.00,0.00,0.00,0.00,0.26,0.00,0.26,0.26,0.26,Matches
135,Bruno Fernandes,pt POR,MF,Manchester Utd,31-124,1994,18,18,1535,17.1,5,8,13,3,2,4,2,0,7.0,4.0,5.7,9.7,29,145,59,0.29,0.47,0.76,0.18,0.64,0.41,0.33,0.75,0.23,0.57,Matches
136,Mateus Fernandes,pt POR,"MF,FW",West Ham,21-184,2004,19,18,1494,16.6,2,1,3,2,0,0,2,0,1.0,1.0,1.3,2.3,25,69,34,0.12,0.06,0.18,0.12,0.18,0.06,0.08,0.14,0.06,0.14,Matches
137,Enzo Fernández,ar ARG,MF,Chelsea,24-358,2001,20,19,1701,18.9,6,1,7,5,1,1,5,0,7.8,7.0,4.9,11.9,31,144,68,0.32,0.05,0.37,0.26,0.32,0.41,0.26,0.67,0.37,0.63,Matches
138,Zian Flemming,nl NED,FW,Burnley,27-162,1998,15,8,667,7.4,5,0,5,3,2,2,3,0,3.2,1.6,0.2,1.8,1,11,28,0.67,0.00,0.67,0.40,0.40,0.43,0.03,0.46,0.22,0.25,Matches
139,Jack Fletcher,eng ENG,"MF,FW",Manchester Utd,18-297,2007,3,0,108,1.2,0,0,0,0,0,0,0,0,0.0,0.0,0.1,0.2,0,7,2,0.00,0.00,0.00,0.00,0.00,0.03,0.10,0.13,0.03,0.13,Matches
140,Phil Foden,eng ENG,MF,Manchester City,25-227,2000,19,18,1567,17.4,7,2,9,7,0,0,3,0,5.1,5.1,3.3,8.4,31,79,91,0.40,0.11,0.52,0.40,0.52,0.29,0.19,0.48,0.29,0.48,Matches
141,Wesley Fofana,fr FRA,DF,Chelsea,25-024,2000,10,9,758,8.4,0,0,0,0,0,0,1,0,0.2,0.2,0.0,0.2,5,27,1,0.00,0.00,0.00,0.00,0.00,0.03,0.00,0.03,0.03,0.03,Matches
142,Lyle Foster,za RSA,FW,Burnley,25-129,2000,14,11,883,9.8,2,1,3,2,0,0,3,0,1.6,1.6,0.8,2.4,13,12,55,0.20,0.10,0.31,0.20,0.31,0.16,0.08,0.24,0.16,0.24,Matches
143,Tyler Fredricson,eng ENG,DF,Manchester Utd,20-321,2005,1,0,3,0.0,0,0,0,0,0,0,0,0,0.0,0.0,0.0,0.0,0,0,0,0.00,0.00,0.00,0.00,0.00,0.00,0.00,0.00,0.00,0.00,Matches
144,Jeremie Frimpong,nl NED,"FW,DF",Liverpool,25-031,2000,9,4,394,4.4,0,1,1,0,0,0,0,0,0.1,0.1,1.3,1.4,23,11,57,0.00,0.23,0.23,0.00,0.23,0.02,0.30,0.32,0.02,0.32,Matches
145,Niclas Füllkrug,de GER,FW,West Ham,32-335,1993,8,5,409,4.5,0,0,0,0,0,0,0,0,0.9,0.9,0.7,1.5,1,6,16,0.00,0.00,0.00,0.00,0.00,0.19,0.14,0.33,0.19,0.33,Matches
146,Cody Gakpo,nl NED,FW,Liverpool,26-248,1999,19,15,1345,14.9,5,3,8,5,0,0,1,0,4.8,4.8,3.7,8.6,61,48,156,0.33,0.20,0.54,0.33,0.54,0.32,0.25,0.57,0.32,0.57,Matches
147,Idrissa Gana Gueye,sn SEN,MF,Everton,36-106,1989,13,13,1051,11.7,2,0,2,2,0,0,0,1,1.1,1.1,0.3,1.4,5,55,17,0.17,0.00,0.17,0.17,0.17,0.09,0.03,0.12,0.09,0.12,Matches
148,Ben Gannon-Doak,sct SCO,FW,Bournemouth,20-060,2005,4,0,57,0.6,0,1,1,0,0,0,0,0,0.1,0.1,0.6,0.7,4,1,10,0.00,1.58,1.58,0.00,1.58,0.14,0.91,1.04,0.14,1.04,Matches
149,Andrés García,es ESP,DF,Aston Villa,22-337,2003,2,0,31,0.3,0,0,0,0,0,0,0,0,0.0,0.0,0.0,0.0,1,1,5,0.00,0.00,0.00,0.00,0.00,0.00,0.00,0.00,0.00,0.00,Matches
150,Alejandro Garnacho,ar ARG,FW,Chelsea,21-193,2004,13,10,761,8.5,1,3,4,1,0,0,1,0,1.9,1.9,3.1,5.0,64,13,117,0.12,0.35,0.47,0.12,0.47,0.23,0.36,0.59,0.23,0.59,Matches
151,James Garner,eng ENG,"MF,DF",Everton,24-303,2001,21,21,1883,20.9,2,3,5,2,0,0,4,0,1.5,1.5,2.9,4.4,21,111,33,0.10,0.14,0.24,0.10,0.24,0.07,0.14,0.21,0.07,0.21,Matches
152,Lutsharel Geertruida,nl NED,"DF,MF",Sunderland,25-176,2000,17,10,978,10.9,0,0,0,0,0,0,0,0,0.7,0.7,0.2,0.9,6,32,6,0.00,0.00,0.00,0.00,0.00,0.07,0.02,0.09,0.07,0.09,Matches
153,Tyrique George,eng ENG,FW,Chelsea,19-340,2006,4,0,145,1.6,0,0,0,0,0,0,2,0,0.3,0.3,0.0,0.3,1,4,10,0.00,0.00,0.00,0.00,0.00,0.20,0.00,0.20,0.20,0.20,Matches
154,Morgan Gibbs-White,eng ENG,"MF,FW",Nott'ham Forest,25-348,2000,21,20,1781,19.8,5,1,6,4,1,1,0,0,5.9,5.1,1.2,6.3,41,124,135,0.25,0.05,0.30,0.20,0.25,0.30,0.06,0.36,0.26,0.32,Matches
155,Jamie Gittens,eng ENG,FW,Chelsea,21-155,2004,14,4,453,5.0,0,2,2,0,0,0,0,0,0.8,0.8,0.7,1.6,28,8,42,0.00,0.40,0.40,0.00,0.40,0.16,0.15,0.31,0.16,0.31,Matches
156,Wilfried Gnonto,it ITA,"FW,MF",Leeds United,22-066,2003,12,4,324,3.6,0,1,1,0,0,0,2,0,0.2,0.2,0.6,0.8,7,13,22,0.00,0.28,0.28,0.00,0.28,0.06,0.15,0.21,0.06,0.21,Matches
157,João Gomes,br BRA,MF,Wolves,24-332,2001,20,18,1594,17.7,0,0,0,0,0,0,6,0,0.6,0.6,0.5,1.0,27,90,32,0.00,0.00,0.00,0.00,0.00,0.03,0.03,0.06,0.03,0.06,Matches
158,Rodrigo Gomes,pt POR,"FW,DF",Wolves,22-187,2003,6,4,331,3.7,1,0,1,1,0,0,0,0,1.0,1.0,0.1,1.1,13,7,37,0.27,0.00,0.27,0.27,0.27,0.26,0.04,0.30,0.26,0.30,Matches
159,Toti Gomes,pt POR,DF,Wolves,26-359,1999,13,12,949,10.5,0,0,0,0,0,0,2,1,0.0,0.0,0.2,0.2,6,23,3,0.00,0.00,0.00,0.00,0.00,0.00,0.01,0.02,0.00,0.02,Matches
160,Diego Gómez,py PAR,"MF,FW",Brighton,22-289,2003,19,15,1271,14.1,3,0,3,3,0,0,5,0,4.5,4.5,1.5,6.0,16,29,38,0.21,0.00,0.21,0.21,0.21,0.32,0.11,0.43,0.32,0.43,Matches
161,Joe Gomez,eng ENG,DF,Liverpool,28-232,1997,10,3,251,2.8,0,2,2,0,0,0,2,0,0.2,0.2,0.7,0.9,2,10,13,0.00,0.72,0.72,0.00,0.72,0.07,0.24,0.31,0.07,0.31,Matches
162,Nicolás González,es ESP,MF,Manchester City,24-007,2002,19,15,1335,14.8,1,0,1,1,0,0,4,0,0.6,0.6,0.6,1.1,21,83,12,0.07,0.00,0.07,0.07,0.07,0.04,0.04,0.08,0.04,0.08,Matches
163,Anthony Gordon,eng ENG,FW,Newcastle Utd,24-320,2001,16,14,998,11.1,2,1,3,0,2,2,2,1,4.3,2.8,2.8,5.5,53,46,89,0.18,0.09,0.27,0.00,0.09,0.39,0.25,0.64,0.25,0.50,Matches
164,Ryan Gravenberch,nl NED,MF,Liverpool,23-239,2002,19,19,1681,18.7,4,2,6,4,0,0,3,0,1.0,1.0,1.5,2.5,42,101,32,0.21,0.11,0.32,0.21,0.32,0.05,0.08,0.14,0.05,0.14,Matches
165,Archie Gray,eng ENG,MF,Tottenham,19-304,2006,11,8,603,6.7,1,0,1,1,0,0,3,0,0.7,0.7,0.1,0.8,8,18,3,0.15,0.00,0.15,0.15,0.15,0.10,0.02,0.12,0.10,0.12,Matches
166,Jack Grealish,eng ENG,FW,Everton,30-122,1995,19,17,1537,17.1,2,6,8,2,0,0,5,1,2.1,2.1,4.1,6.2,97,68,133,0.12,0.35,0.47,0.12,0.47,0.12,0.24,0.36,0.12,0.36,Matches
167,Pascal Groß,de GER,MF,Brighton,34-209,1991,2,1,110,1.2,0,0,0,0,0,0,1,0,0.1,0.1,0.0,0.1,0,4,3,0.00,0.00,0.00,0.00,0.00,0.11,0.00,0.11,0.11,0.11,Matches
168,Brajan Gruda,de GER,"MF,FW",Brighton,21-224,2004,17,7,654,7.3,1,1,2,1,0,0,2,0,1.7,1.7,0.9,2.6,25,23,57,0.14,0.14,0.28,0.14,0.28,0.23,0.13,0.36,0.23,0.36,Matches
169,Ilia Gruev,bg BUL,MF,Leeds United,25-249,2000,12,7,652,7.2,0,1,1,0,0,0,1,0,0.0,0.0,0.3,0.3,2,25,3,0.00,0.14,0.14,0.00,0.14,0.00,0.05,0.05,0.00,0.05,Matches
170,Gabriel Gudmundsson,se SWE,DF,Leeds United,26-256,1999,21,20,1740,19.3,0,0,0,0,0,0,2,0,0.9,0.9,2.0,2.8,51,61,74,0.00,0.00,0.00,0.00,0.00,0.05,0.10,0.15,0.05,0.15,Matches
171,Marc Guéhi,eng ENG,DF,Crystal Palace,25-181,2000,20,20,1800,20.0,2,2,4,2,0,0,4,0,2.0,2.0,1.5,3.6,24,113,10,0.10,0.10,0.20,0.10,0.20,0.10,0.08,0.18,0.10,0.18,Matches
172,Evann Guessand,ci CIV,FW,Aston Villa,24-193,2001,12,6,515,5.7,0,1,1,0,0,0,0,0,1.0,1.0,0.6,1.6,12,8,28,0.00,0.17,0.17,0.00,0.17,0.17,0.11,0.28,0.17,0.28,Matches
173,Luis Guilherme,br BRA,"FW,MF",West Ham,19-335,2006,5,1,125,1.4,0,0,0,0,0,0,0,0,0.1,0.1,0.0,0.1,2,2,5,0.00,0.00,0.00,0.00,0.00,0.05,0.02,0.07,0.05,0.07,Matches
174,Bruno Guimarães,br BRA,MF,Newcastle Utd,28-055,1997,20,19,1748,19.4,8,3,11,7,1,1,4,0,3.9,3.1,2.3,5.4,28,162,56,0.41,0.15,0.57,0.36,0.51,0.20,0.12,0.32,0.16,0.28,Matches
175,Marc Guiu,es ESP,FW,Sunderland,20-006,2006,2,0,15,0.2,0,0,0,0,0,0,0,0,0.0,0.0,0.0,0.0,0,1,1,0.00,0.00,0.00,0.00,0.00,0.14,0.00,0.14,0.14,0.14,Matches
176,Marc Guiu,es ESP,FW,Chelsea,20-006,2006,7,1,238,2.6,0,1,1,0,0,0,1,0,1.4,1.4,1.0,2.4,2,2,13,0.00,0.38,0.38,0.00,0.38,0.54,0.37,0.92,0.54,0.92,Matches
177,Malo Gusto,fr FRA,"DF,MF",Chelsea,22-236,2003,19,13,1221,13.6,2,2,4,2,0,0,3,1,1.2,1.2,1.2,2.4,17,68,45,0.15,0.15,0.29,0.15,0.29,0.09,0.09,0.18,0.09,0.18,Matches
178,Joško Gvardiol,hr CRO,DF,Manchester City,23-352,2002,16,15,1302,14.5,2,2,4,2,0,0,2,0,2.3,2.3,0.4,2.8,21,101,10,0.14,0.14,0.28,0.14,0.28,0.16,0.03,0.19,0.16,0.19,Matches
179,Viktor Gyökeres,se SWE,FW,Arsenal,27-220,1998,19,16,1290,14.3,5,0,5,3,2,2,3,0,6.4,4.8,1.2,6.0,12,17,78,0.35,0.00,0.35,0.21,0.21,0.45,0.08,0.53,0.34,0.42,Matches
180,Erling Haaland,no NOR,FW,Manchester City,25-173,2000,21,21,1821,20.2,20,4,24,18,2,3,0,0,18.8,16.4,2.7,19.1,30,15,65,0.99,0.20,1.19,0.89,1.09,0.93,0.13,1.06,0.81,0.94,Matches
181,Lewis Hall,eng ENG,DF,Newcastle Utd,21-124,2004,14,10,944,10.5,0,1,1,0,0,0,1,0,0.5,0.5,1.2,1.7,19,68,45,0.00,0.10,0.10,0.00,0.10,0.05,0.11,0.16,0.05,0.16,Matches
182,Jack Harrison,eng ENG,"FW,DF",Leeds United,29-051,1996,11,1,269,3.0,0,0,0,0,0,0,0,0,0.3,0.3,0.4,0.7,8,10,17,0.00,0.00,0.00,0.00,0.00,0.09,0.13,0.23,0.09,0.23,Matches
183,Quilindschy Hartman,nl NED,DF,Burnley,24-057,2001,15,15,1337,14.9,0,4,4,0,0,0,1,0,0.2,0.2,1.5,1.7,6,44,43,0.00,0.27,0.27,0.00,0.27,0.01,0.10,0.11,0.01,0.11,Matches
184,Jorrel Hato,nl NED,DF,Chelsea,19-309,2006,6,2,260,2.9,0,0,0,0,0,0,2,0,0.2,0.2,0.2,0.4,2,5,3,0.00,0.00,0.00,0.00,0.00,0.08,0.06,0.13,0.08,0.13,Matches
185,Kai Havertz,de GER,FW,Arsenal,26-213,1999,1,0,31,0.3,0,0,0,0,0,0,0,0,0.0,0.0,0.0,0.0,1,2,2,0.00,0.00,0.00,0.00,0.00,0.00,0.00,0.00,0.00,0.00,Matches
186,Ayden Heaven,eng ENG,DF,Manchester Utd,19-110,2006,10,8,637,7.1,0,1,1,0,0,0,1,0,0.3,0.3,0.4,0.7,4,18,3,0.00,0.14,0.14,0.00,0.14,0.05,0.05,0.10,0.05,0.10,Matches
187,Jan Paul van Hecke,nl NED,DF,Brighton,25-216,2000,20,20,1800,20.0,3,1,4,3,0,0,5,0,1.7,1.7,0.2,1.9,50,131,5,0.15,0.05,0.20,0.15,0.20,0.08,0.01,0.10,0.08,0.10,Matches
188,Hwang Hee-chan,kr KOR,"FW,MF",Wolves,29-349,1996,16,11,882,9.8,2,1,3,1,1,1,3,0,2.1,1.3,0.8,2.1,18,23,51,0.20,0.10,0.31,0.10,0.20,0.22,0.08,0.30,0.14,0.22,Matches
189,George Hemmings,eng ENG,MF,Aston Villa,18-312,2007,1,0,9,0.1,0,0,0,0,0,0,0,0,0.0,0.0,0.0,0.0,0,0,0,0.00,0.00,0.00,0.00,0.00,0.00,0.00,0.00,0.00,0.00,Matches
190,Dean Henderson,eng ENG,GK,Crystal Palace,28-304,1997,21,21,1890,21.0,0,0,0,0,0,0,2,0,0.0,0.0,0.0,0.0,0,3,0,0.00,0.00,0.00,0.00,0.00,0.00,0.00,0.00,0.00,0.00,Matches
191,Jordan Henderson,eng ENG,MF,Brentford,35-207,1990,20,15,1354,15.0,1,3,4,1,0,0,4,0,0.3,0.3,1.9,2.2,6,82,20,0.07,0.20,0.27,0.07,0.27,0.02,0.13,0.15,0.02,0.15,Matches
192,Rico Henry,jm JAM,DF,Brentford,28-186,1997,17,6,719,8.0,0,0,0,0,0,0,2,0,0.2,0.2,0.1,0.3,18,20,33,0.00,0.00,0.00,0.00,0.00,0.02,0.02,0.04,0.02,0.04,Matches
193,Mads Hermansen,dk DEN,GK,West Ham,25-183,2000,4,4,360,4.0,0,0,0,0,0,0,0,0,0.0,0.0,0.0,0.0,0,0,0,0.00,0.00,0.00,0.00,0.00,0.00,0.00,0.00,0.00,0.00,Matches
194,Aaron Hickey,sct SCO,DF,Brentford,23-214,2002,13,6,514,5.7,0,0,0,0,0,0,1,0,0.4,0.4,0.0,0.4,3,14,11,0.00,0.00,0.00,0.00,0.00,0.06,0.00,0.06,0.06,0.06,Matches
195,James Hill,eng ENG,DF,Bournemouth,24-000,2002,12,5,576,6.4,0,0,0,0,0,0,1,0,0.2,0.2,0.1,0.3,3,21,8,0.00,0.00,0.00,0.00,0.00,0.02,0.02,0.04,0.02,0.04,Matches
196,Piero Hincapié,ec ECU,DF,Arsenal,24-001,2002,12,10,891,9.9,0,0,0,0,0,0,2,0,0.0,0.0,0.7,0.7,9,26,16,0.00,0.00,0.00,0.00,0.00,0.00,0.07,0.07,0.00,0.07,Matches
197,Jack Hinshelwood,eng ENG,"MF,DF",Brighton,20-274,2005,12,6,595,6.6,1,1,2,1,0,0,0,0,0.4,0.4,0.2,0.7,10,24,7,0.15,0.15,0.30,0.15,0.30,0.07,0.03,0.10,0.07,0.10,Matches
198,Ki-Jana Hoever,nl NED,"DF,MF",Wolves,23-357,2002,8,6,425,4.7,0,0,0,0,0,0,0,0,0.0,0.0,0.5,0.5,9,13,23,0.00,0.00,0.00,0.00,0.00,0.00,0.10,0.10,0.00,0.10,Matches
199,Callum Hudson-Odoi,eng ENG,FW,Nott'ham Forest,25-064,2000,19,11,1120,12.4,3,1,4,3,0,0,0,0,1.8,1.8,2.2,4.0,63,41,139,0.24,0.08,0.32,0.24,0.32,0.15,0.18,0.32,0.15,0.32,Matches
200,Will Hughes,eng ENG,MF,Crystal Palace,30-268,1995,18,10,874,9.7,0,0,0,0,0,0,4,0,0.7,0.7,0.9,1.6,5,44,14,0.00,0.00,0.00,0.00,0.00,0.07,0.09,0.16,0.07,0.16,Matches
201,Trai Hume,nir NIR,"DF,MF",Sunderland,23-298,2002,21,19,1743,19.4,0,1,1,0,0,0,5,0,0.7,0.7,1.0,1.7,18,54,49,0.00,0.05,0.05,0.00,0.05,0.04,0.05,0.09,0.04,0.09,Matches
202,Bashir Humphreys,eng ENG,DF,Burnley,22-301,2003,5,3,349,3.9,0,0,0,0,0,0,1,0,0.1,0.1,0.0,0.2,5,12,4,0.00,0.00,0.00,0.00,0.00,0.03,0.01,0.04,0.03,0.04,Matches
203,Omari Hutchinson,eng ENG,FW,Nott'ham Forest,22-072,2003,16,8,884,9.8,1,2,3,1,0,0,0,0,1.6,1.6,2.3,3.9,46,22,95,0.10,0.20,0.31,0.10,0.31,0.16,0.23,0.39,0.16,0.39,Matches
204,Igor,br BRA,DF,West Ham,27-337,1998,4,1,105,1.2,0,0,0,0,0,0,0,0,0.0,0.0,0.0,0.0,0,0,1,0.00,0.00,0.00,0.00,0.00,0.00,0.03,0.03,0.00,0.03,Matches
205,Tim Iroegbunam,eng ENG,MF,Everton,22-194,2003,17,11,929,10.3,0,2,2,0,0,0,7,0,0.4,0.4,0.6,1.0,12,28,20,0.00,0.19,0.19,0.00,0.19,0.04,0.06,0.10,0.04,0.10,Matches
206,Andy Irving,sct SCO,MF,West Ham,25-242,2000,7,2,158,1.8,0,0,0,0,0,0,0,0,0.0,0.0,0.3,0.3,2,12,2,0.00,0.00,0.00,0.00,0.00,0.00,0.15,0.15,0.00,0.15,Matches
207,Alexander Isak,se SWE,FW,Liverpool,26-111,1999,10,6,504,5.6,2,1,3,2,0,0,0,0,2.0,2.0,0.6,2.6,6,8,24,0.36,0.18,0.54,0.36,0.54,0.37,0.11,0.47,0.37,0.47,Matches
208,Wilson Isidor,fr FRA,FW,Sunderland,25-136,2000,19,11,977,10.9,4,0,4,4,0,0,1,0,3.4,3.4,0.0,3.4,9,9,44,0.37,0.00,0.37,0.37,0.37,0.31,0.00,0.31,0.31,0.31,Matches
209,Alex Iwobi,ng NGA,"MF,FW",Fulham,29-252,1996,16,16,1328,14.8,2,2,4,2,0,0,2,0,0.8,0.8,2.1,2.8,51,86,69,0.14,0.14,0.27,0.14,0.27,0.05,0.14,0.19,0.05,0.19,Matches
210,Daniel James,wls WAL,FW,Leeds United,28-061,1997,10,4,354,3.9,0,0,0,0,0,0,0,0,0.7,0.7,0.6,1.4,17,10,41,0.00,0.00,0.00,0.00,0.00,0.19,0.16,0.35,0.19,0.35,Matches
211,Reece James,eng ENG,"DF,MF",Chelsea,26-033,1999,20,14,1365,15.2,2,4,6,2,0,0,4,0,0.9,0.9,3.2,4.0,18,84,31,0.13,0.26,0.40,0.13,0.40,0.06,0.21,0.27,0.06,0.27,Matches
212,Vitaly Janelt,de GER,MF,Brentford,27-245,1998,16,7,766,8.5,0,4,4,0,0,0,3,0,0.5,0.5,2.4,2.9,3,39,7,0.00,0.47,0.47,0.00,0.47,0.06,0.28,0.34,0.06,0.34,Matches
213,Mathias Jensen,dk DEN,"MF,FW",Brentford,30-009,1996,19,9,772,8.6,2,0,2,2,0,0,1,0,0.9,0.9,0.7,1.6,7,50,33,0.23,0.00,0.23,0.23,0.23,0.11,0.08,0.19,0.11,0.19,Matches
214,Gabriel Jesus,br BRA,FW,Arsenal,28-282,1997,6,0,122,1.4,1,0,1,1,0,0,1,0,0.5,0.5,0.0,0.5,8,3,10,0.74,0.00,0.74,0.74,0.74,0.36,0.00,0.36,0.36,0.36,Matches
215,Igor Jesus,br BRA,FW,Nott'ham Forest,24-319,2001,20,13,1148,12.8,1,1,2,1,0,0,0,0,3.4,3.4,1.2,4.6,10,18,69,0.08,0.08,0.16,0.08,0.16,0.27,0.10,0.36,0.27,0.36,Matches
216,Álex Jiménez,es ESP,"DF,FW",Bournemouth,20-247,2005,17,13,1155,12.8,0,0,0,0,0,0,5,0,0.5,0.5,0.3,0.8,46,50,41,0.00,0.00,0.00,0.00,0.00,0.04,0.02,0.06,0.04,0.06,Matches
217,Raúl Jiménez,mx MEX,FW,Fulham,34-250,1991,20,16,1310,14.6,5,3,8,4,1,1,4,0,5.6,4.8,1.3,6.1,8,29,62,0.34,0.21,0.55,0.27,0.48,0.38,0.09,0.47,0.33,0.42,Matches
218,Jamaldeen Jimoh,eng ENG,MF,Aston Villa,19-100,2006,1,0,9,0.1,0,0,0,0,0,0,0,0,0.0,0.0,0.0,0.0,0,0,0,0.00,0.00,0.00,0.00,0.00,0.00,0.00,0.00,0.00,0.00,Matches
219,João Pedro,br BRA,"FW,MF",Chelsea,24-106,2001,21,18,1525,16.9,6,3,9,6,0,0,2,0,6.5,6.5,2.8,9.3,39,58,100,0.35,0.18,0.53,0.35,0.53,0.38,0.17,0.55,0.38,0.55,Matches
220,Joelinton,br BRA,MF,Newcastle Utd,29-149,1996,17,15,1226,13.6,2,0,2,2,0,0,5,0,1.3,1.3,1.4,2.6,19,63,53,0.15,0.00,0.15,0.15,0.15,0.09,0.10,0.19,0.09,0.19,Matches
221,John,br BRA,GK,Nott'ham Forest,29-331,1996,5,5,437,4.9,0,0,0,0,0,0,1,0,0.0,0.0,0.0,0.0,0,0,0,0.00,0.00,0.00,0.00,0.00,0.00,0.00,0.00,0.00,0.00,Matches
222,Brennan Johnson,wls WAL,"FW,MF",Tottenham,24-232,2001,16,6,610,6.8,2,0,2,2,0,0,2,0,1.0,1.0,0.4,1.4,17,12,40,0.30,0.00,0.30,0.30,0.30,0.15,0.06,0.21,0.15,0.21,Matches
223,Brennan Johnson,wls WAL,MF,Crystal Palace,24-232,2001,2,2,161,1.8,0,0,0,0,0,0,2,0,0.5,0.5,0.2,0.7,6,2,14,0.00,0.00,0.00,0.00,0.00,0.29,0.10,0.39,0.29,0.39,Matches
224,Sam Johnstone,eng ENG,GK,Wolves,32-291,1993,12,12,1080,12.0,0,0,0,0,0,0,0,0,0.0,0.0,0.0,0.0,0,1,0,0.00,0.00,0.00,0.00,0.00,0.00,0.00,0.00,0.00,0.00,Matches
225,Curtis Jones,eng ENG,MF,Liverpool,24-345,2001,18,9,972,10.8,0,0,0,0,0,0,1,0,0.8,0.8,1.0,1.8,33,105,37,0.00,0.00,0.00,0.00,0.00,0.08,0.09,0.17,0.08,0.17,Matches
226,Eli Junior Kroupi,fr FRA,"FW,MF",Bournemouth,19-201,2006,16,7,576,6.4,7,0,7,7,0,0,2,0,3.5,3.5,0.4,3.9,7,6,37,1.09,0.00,1.09,1.09,1.09,0.55,0.07,0.62,0.55,0.62,Matches
227,Hamed Junior Traorè,ci CIV,MF,Bournemouth,25-328,2000,1,0,17,0.2,0,1,1,0,0,0,0,0,0.0,0.0,0.2,0.2,0,0,0,0.00,5.29,5.29,0.00,5.29,0.00,1.10,1.10,0.00,1.10,Matches
228,James Justin,eng ENG,"DF,FW",Leeds United,27-321,1998,12,4,437,4.9,0,0,0,0,0,0,1,0,0.1,0.1,0.0,0.1,1,11,12,0.00,0.00,0.00,0.00,0.00,0.03,0.00,0.03,0.03,0.03,Matches
229,Filip Jørgensen,dk DEN,GK,Chelsea,23-269,2002,2,1,174,1.9,0,0,0,0,0,0,0,0,0.0,0.0,0.0,0.0,0,0,0,0.00,0.00,0.00,0.00,0.00,0.00,0.00,0.00,0.00,0.00,Matches
230,Ferdi Kadioglu,tr TUR,"DF,FW",Brighton,26-095,1999,20,17,1605,17.8,0,0,0,0,0,0,4,0,0.9,0.9,1.2,2.1,59,79,87,0.00,0.00,0.00,0.00,0.00,0.05,0.07,0.12,0.05,0.12,Matches
231,Sasa Kalajdzic,at AUT,FW,Wolves,28-187,1997,1,0,15,0.2,0,0,0,0,0,0,0,0,0.0,0.0,0.0,0.0,0,0,2,0.00,0.00,0.00,0.00,0.00,0.00,0.00,0.00,0.00,0.00,Matches
232,Arnaud Kalimuendo,fr FRA,FW,Nott'ham Forest,23-355,2002,9,0,96,1.1,0,0,0,0,0,0,0,0,0.4,0.4,0.0,0.5,5,2,14,0.00,0.00,0.00,0.00,0.00,0.41,0.01,0.42,0.41,0.42,Matches
233,Daichi Kamada,jp JPN,MF,Crystal Palace,29-158,1996,14,14,1164,12.9,0,0,0,0,0,0,1,0,0.9,0.9,1.2,2.1,20,59,39,0.00,0.00,0.00,0.00,0.00,0.07,0.09,0.16,0.07,0.16,Matches
234,Boubacar Kamara,fr FRA,MF,Aston Villa,26-048,1999,18,17,1411,15.7,1,3,4,1,0,0,5,0,0.5,0.5,0.8,1.3,10,86,9,0.06,0.19,0.26,0.06,0.26,0.03,0.05,0.08,0.03,0.08,Matches
235,Mohamadou Kanté,fr FRA,"FW,MF",West Ham,20-112,2005,3,0,19,0.2,0,0,0,0,0,0,0,0,0.0,0.0,0.1,0.2,2,1,2,0.00,0.00,0.00,0.00,0.00,0.24,0.56,0.80,0.24,0.80,Matches
236,Michael Kayode,it ITA,DF,Brentford,21-184,2004,21,21,1828,20.3,0,0,0,0,0,0,5,0,0.2,0.2,2.1,2.3,39,41,82,0.00,0.00,0.00,0.00,0.00,0.01,0.10,0.11,0.01,0.11,Matches
237,Michael Keane,eng ENG,DF,Everton,32-364,1993,19,19,1676,18.6,3,0,3,3,0,0,0,1,1.6,1.6,0.1,1.7,4,45,5,0.16,0.00,0.16,0.16,0.16,0.09,0.01,0.09,0.09,0.09,Matches
238,Caoimhín Kelleher,ie IRL,GK,Brentford,27-048,1998,21,21,1890,21.0,0,0,0,0,0,0,1,0,0.0,0.0,0.1,0.1,0,1,0,0.00,0.00,0.00,0.00,0.00,0.00,0.00,0.00,0.00,0.00,Matches
239,Milos Kerkez,hu HUN,DF,Liverpool,22-064,2003,20,17,1416,15.7,1,0,1,1,0,0,3,0,1.0,1.0,1.0,2.0,29,78,105,0.06,0.00,0.06,0.06,0.06,0.07,0.06,0.13,0.07,0.13,Matches
240,Kevin,br BRA,"FW,MF",Fulham,23-006,2003,17,6,714,7.9,0,1,1,0,0,0,1,0,0.9,0.9,1.0,1.8,51,33,81,0.00,0.13,0.13,0.00,0.13,0.11,0.12,0.23,0.11,0.23,Matches
241,Abdukodir Khusanov,uz UZB,DF,Manchester City,21-315,2004,7,4,382,4.2,0,0,0,0,0,0,1,0,0.0,0.0,0.0,0.0,3,10,5,0.00,0.00,0.00,0.00,0.00,0.00,0.00,0.00,0.00,0.00,Matches
242,Max Kilman,eng ENG,DF,West Ham,28-232,1997,18,17,1534,17.0,0,0,0,0,0,0,4,0,0.6,0.6,0.3,0.9,5,38,1,0.00,0.00,0.00,0.00,0.00,0.03,0.02,0.05,0.03,0.05,Matches
243,Joshua King,eng ENG,"MF,FW",Fulham,19-007,2007,18,11,870,9.7,0,1,1,0,0,0,3,0,1.2,1.2,0.4,1.5,24,28,56,0.00,0.10,0.10,0.00,0.10,0.12,0.04,0.16,0.12,0.16,Matches
244,Justin Kluivert,nl NED,MF,Bournemouth,26-250,1999,18,10,919,10.2,2,0,2,2,0,0,4,0,2.2,2.2,1.5,3.8,21,36,74,0.20,0.00,0.20,0.20,0.20,0.22,0.15,0.37,0.22,0.37,Matches
245,Joe Knight,eng ENG,MF,Brighton,20-111,2005,1,0,1,0.0,0,0,0,0,0,0,0,0,0.0,0.0,0.0,0.0,0,0,0,0.00,0.00,0.00,0.00,0.00,0.00,0.00,0.00,0.00,0.00,Matches
246,Randal Kolo Muani,fr FRA,FW,Tottenham,27-036,1998,14,10,836,9.3,0,0,0,0,0,0,2,0,1.3,1.3,0.8,2.1,16,14,53,0.00,0.00,0.00,0.00,0.00,0.14,0.08,0.23,0.14,0.23,Matches
247,Ibrahima Konaté,fr FRA,DF,Liverpool,26-230,1999,21,21,1786,19.8,0,0,0,0,0,0,5,0,0.8,0.8,0.5,1.4,19,84,2,0.00,0.00,0.00,0.00,0.00,0.04,0.03,0.07,0.04,0.07,Matches
248,Ezri Konsa,eng ENG,DF,Aston Villa,28-079,1997,20,20,1775,19.7,0,0,0,0,0,0,0,1,0.4,0.4,0.4,0.8,10,62,5,0.00,0.00,0.00,0.00,0.00,0.02,0.02,0.04,0.02,0.04,Matches
249,Charalampos Kostoulas,gr GRE,"FW,MF",Brighton,18-225,2007,11,1,176,2.0,1,1,2,1,0,0,1,0,1.3,1.3,0.9,2.2,7,7,17,0.51,0.51,1.02,0.51,1.02,0.65,0.46,1.10,0.65,1.10,Matches
250,Mateo Kovačić,hr CRO,MF,Manchester City,31-249,1994,1,0,5,0.1,0,0,0,0,0,0,0,0,0.0,0.0,0.0,0.0,0,1,0,0.00,0.00,0.00,0.00,0.00,0.00,0.00,0.00,0.00,0.00,Matches
251,Emil Krafth,se SWE,DF,Newcastle Utd,31-161,1994,1,1,45,0.5,0,0,0,0,0,0,0,0,0.0,0.0,0.0,0.0,0,2,5,0.00,0.00,0.00,0.00,0.00,0.00,0.00,0.00,0.00,0.00,Matches
252,Ladislav Krejčí,cz CZE,"DF,MF",Wolves,26-265,1999,16,16,1389,15.4,2,1,3,2,0,0,2,0,2.0,2.0,0.8,2.7,10,67,10,0.13,0.06,0.19,0.13,0.19,0.13,0.05,0.18,0.13,0.18,Matches
253,Mohammed Kudus,gh GHA,"FW,MF",Tottenham,25-161,2000,19,19,1535,17.1,2,5,7,2,0,0,3,0,1.9,1.9,2.8,4.7,58,42,134,0.12,0.29,0.41,0.12,0.41,0.11,0.17,0.28,0.11,0.28,Matches
254,Jonah Kusi-Asare,se SWE,FW,Fulham,18-190,2007,4,0,31,0.3,0,0,0,0,0,0,0,0,0.0,0.0,0.0,0.0,1,2,3,0.00,0.00,0.00,0.00,0.00,0.00,0.13,0.13,0.00,0.13,Matches
255,Shea Lacey,eng ENG,"FW,DF",Manchester Utd,18-271,2007,2,0,14,0.2,0,0,0,0,0,0,0,0,0.1,0.1,0.0,0.1,1,0,2,0.00,0.00,0.00,0.00,0.00,0.45,0.00,0.45,0.45,0.45,Matches
256,Maxence Lacroix,fr FRA,DF,Crystal Palace,25-279,2000,21,21,1890,21.0,0,2,2,0,0,0,3,0,1.0,1.0,1.1,2.2,5,42,8,0.00,0.10,0.10,0.00,0.10,0.05,0.05,0.10,0.05,0.10,Matches
257,Senne Lammens,be BEL,GK,Manchester Utd,23-187,2002,15,15,1350,15.0,0,0,0,0,0,0,0,0,0.0,0.0,0.0,0.0,0,2,0,0.00,0.00,0.00,0.00,0.00,0.00,0.00,0.00,0.00,0.00,Matches
258,Jamaal Lascelles,eng ENG,DF,Newcastle Utd,32-060,1993,2,0,21,0.2,0,0,0,0,0,0,0,0,0.0,0.0,0.0,0.0,0,0,1,0.00,0.00,0.00,0.00,0.00,0.16,0.00,0.16,0.16,0.16,Matches
259,Josh Laurent,eng ENG,"DF,MF",Burnley,30-249,1995,18,11,1060,11.8,1,0,1,1,0,0,3,0,0.4,0.4,0.4,0.9,11,23,20,0.08,0.00,0.08,0.08,0.08,0.04,0.04,0.07,0.04,0.07,Matches
260,Roméo Lavia,be BEL,MF,Chelsea,22-004,2004,4,1,108,1.2,0,0,0,0,0,0,0,0,0.0,0.0,0.0,0.0,1,9,1,0.00,0.00,0.00,0.00,0.00,0.00,0.00,0.00,0.00,0.00,Matches
261,Enzo Le Fée,fr FRA,"MF,FW",Sunderland,25-341,2000,20,18,1575,17.5,2,4,6,0,2,3,5,0,3.2,0.8,2.6,3.5,32,52,83,0.11,0.23,0.34,0.00,0.23,0.18,0.15,0.33,0.05,0.20,Matches
262,Bernd Leno,de GER,GK,Fulham,33-312,1992,21,21,1890,21.0,0,0,0,0,0,0,3,0,0.0,0.0,0.0,0.0,0,1,0,0.00,0.00,0.00,0.00,0.00,0.00,0.00,0.00,0.00,0.00,Matches
263,Jefferson Lerma,co COL,"MF,DF",Crystal Palace,31-077,1994,18,7,760,8.4,0,1,1,0,0,0,4,0,0.6,0.6,0.7,1.3,4,46,7,0.00,0.12,0.12,0.00,0.12,0.07,0.08,0.16,0.07,0.16,Matches
264,Rico Lewis,eng ENG,"DF,MF",Manchester City,21-050,2004,9,2,227,2.5,0,1,1,0,0,0,0,0,0.0,0.0,1.3,1.4,3,24,12,0.00,0.40,0.40,0.00,0.40,0.01,0.53,0.54,0.01,0.54,Matches
265,Keane Lewis-Potter,eng ENG,"FW,DF",Brentford,24-322,2001,19,10,912,10.1,2,1,3,2,0,0,1,0,1.3,1.3,1.2,2.4,20,28,56,0.20,0.10,0.30,0.20,0.30,0.12,0.12,0.24,0.12,0.24,Matches
266,Myles Lewis-Skelly,eng ENG,DF,Arsenal,19-106,2006,14,1,321,3.6,0,0,0,0,0,0,3,0,0.1,0.1,0.1,0.2,5,7,10,0.00,0.00,0.00,0.00,0.00,0.01,0.04,0.05,0.01,0.05,Matches
267,Matthijs de Ligt,nl NED,DF,Manchester Utd,26-151,1999,13,13,1170,13.0,1,0,1,1,0,0,0,0,1.5,1.5,0.6,2.0,3,23,7,0.08,0.00,0.08,0.08,0.08,0.11,0.05,0.16,0.11,0.16,Matches
268,Pedro Lima,br BRA,MF,Wolves,19-193,2006,1,0,1,0.0,0,0,0,0,0,0,0,0,0.0,0.0,0.0,0.0,0,0,1,0.00,0.00,0.00,0.00,0.00,0.00,0.00,0.00,0.00,0.00,Matches
269,Victor Lindelöf,se SWE,DF,Aston Villa,31-177,1994,10,6,569,6.3,0,1,1,0,0,0,0,0,0.0,0.0,0.3,0.3,3,12,0,0.00,0.16,0.16,0.00,0.16,0.00,0.04,0.05,0.00,0.05,Matches
270,Valentino Livramento,eng ENG,DF,Newcastle Utd,23-059,2002,13,11,1049,11.7,0,1,1,0,0,0,1,0,0.1,0.1,0.4,0.6,23,53,69,0.00,0.09,0.09,0.00,0.09,0.01,0.04,0.05,0.01,0.05,Matches
271,Sean Longstaff,eng ENG,MF,Leeds United,28-072,1997,12,10,878,9.8,1,2,3,1,0,0,1,0,0.7,0.7,2.1,2.8,3,31,14,0.10,0.21,0.31,0.10,0.31,0.08,0.21,0.29,0.08,0.29,Matches
272,Fer López,es ESP,"MF,FW",Wolves,21-231,2004,9,2,235,2.6,0,1,1,0,0,0,1,0,0.2,0.2,0.7,0.9,8,20,16,0.00,0.38,0.38,0.00,0.38,0.07,0.29,0.35,0.07,0.35,Matches
273,Lucas,br BRA,"DF,MF",Burnley,24-292,2001,7,6,502,5.6,0,0,0,0,0,0,0,1,0.3,0.3,0.3,0.6,12,17,25,0.00,0.00,0.00,0.00,0.00,0.05,0.06,0.10,0.05,0.10,Matches
274,Florentino Luís,pt POR,MF,Burnley,26-144,1999,17,15,1314,14.6,0,1,1,0,0,0,3,0,0.5,0.5,0.4,0.8,6,63,9,0.00,0.07,0.07,0.00,0.07,0.03,0.02,0.06,0.03,0.06,Matches
275,Douglas Luiz,br BRA,MF,Nott'ham Forest,27-246,1998,8,5,315,3.5,0,0,0,0,0,0,2,0,0.1,0.1,0.7,0.8,8,16,8,0.00,0.00,0.00,0.00,0.00,0.04,0.19,0.23,0.04,0.23,Matches
276,Saša Lukić,rs SRB,MF,Fulham,29-150,1996,18,14,1145,12.7,1,2,3,1,0,0,5,0,1.8,1.8,1.6,3.4,22,35,44,0.08,0.16,0.24,0.08,0.24,0.14,0.12,0.27,0.14,0.27,Matches
277,Ian Maatsen,nl NED,DF,Aston Villa,23-306,2002,15,7,698,7.8,0,0,0,0,0,0,1,0,0.7,0.7,1.5,2.2,14,35,49,0.00,0.00,0.00,0.00,0.00,0.09,0.20,0.29,0.09,0.29,Matches
278,Alexis Mac Allister,ar ARG,MF,Liverpool,27-017,1998,20,17,1389,15.4,0,2,2,0,0,0,3,0,1.7,1.7,1.5,3.3,26,68,43,0.00,0.13,0.13,0.00,0.13,0.11,0.10,0.21,0.11,0.21,Matches
279,Noni Madueke,eng ENG,FW,Arsenal,23-306,2002,12,6,510,5.7,0,0,0,0,0,0,0,0,0.5,0.5,1.4,2.0,35,16,74,0.00,0.00,0.00,0.00,0.00,0.10,0.25,0.35,0.10,0.35,Matches
280,Gabriel Magalhães,br BRA,DF,Arsenal,28-022,1997,15,14,1266,14.1,3,2,5,3,0,0,1,0,1.6,1.6,1.4,3.0,10,58,3,0.21,0.14,0.36,0.21,0.36,0.11,0.10,0.21,0.11,0.21,Matches
281,Soungoutou Magassa,fr FRA,MF,West Ham,22-094,2003,14,9,737,8.2,1,0,1,1,0,0,2,0,0.3,0.3,0.3,0.6,5,19,8,0.12,0.00,0.12,0.12,0.12,0.04,0.03,0.07,0.04,0.07,Matches
282,Harry Maguire,eng ENG,DF,Manchester Utd,32-311,1993,8,4,345,3.8,1,1,2,1,0,0,0,0,0.3,0.3,0.4,0.7,2,15,2,0.26,0.26,0.52,0.26,0.52,0.08,0.09,0.18,0.08,0.18,Matches
283,Kobbie Mainoo,eng ENG,MF,Manchester Utd,20-266,2005,12,0,238,2.6,0,0,0,0,0,0,0,0,0.1,0.1,0.3,0.4,13,9,10,0.00,0.00,0.00,0.00,0.00,0.03,0.11,0.14,0.03,0.14,Matches
284,Tyrell Malacia,nl NED,DF,Manchester Utd,26-146,1999,1,0,3,0.0,0,0,0,0,0,0,0,0,0.0,0.0,0.0,0.0,0,0,0,0.00,0.00,0.00,0.00,0.00,0.00,0.00,0.00,0.00,0.00,Matches
285,Donyell Malen,nl NED,FW,Aston Villa,27-001,1999,21,5,656,7.3,4,1,5,4,0,0,0,0,4.0,4.0,0.4,4.5,13,14,35,0.55,0.14,0.69,0.55,0.69,0.56,0.06,0.62,0.56,0.62,Matches
286,Giorgi Mamardashvili,ge GEO,GK,Liverpool,25-103,2000,5,5,450,5.0,0,0,0,0,0,0,0,0,0.0,0.0,0.0,0.0,0,0,0,0.00,0.00,0.00,0.00,0.00,0.00,0.00,0.00,0.00,0.00,Matches
287,Reinildo Mandava,mz MOZ,DF,Sunderland,31-354,1994,12,12,1022,11.4,0,0,0,0,0,0,4,1,0.1,0.1,0.0,0.1,18,41,25,0.00,0.00,0.00,0.00,0.00,0.01,0.00,0.01,0.01,0.01,Matches
288,Mateus Mane,pt POR,MF,Wolves,18-116,2007,10,4,452,5.0,2,1,3,2,0,0,0,0,0.6,0.6,0.2,0.8,13,14,32,0.40,0.20,0.60,0.40,0.60,0.11,0.05,0.16,0.11,0.16,Matches
289,Bendito Mantato,eng ENG,FW,Manchester Utd,17-350,2008,1,0,16,0.2,0,0,0,0,0,0,0,0,0.0,0.0,0.1,0.1,0,0,1,0.00,0.00,0.00,0.00,0.00,0.00,0.33,0.33,0.00,0.33,Matches
290,Omar Marmoush,eg EGY,"FW,MF",Manchester City,26-337,1999,10,2,211,2.3,0,1,1,0,0,0,0,0,1.2,1.2,1.0,2.2,7,5,20,0.00,0.43,0.43,0.00,0.43,0.52,0.43,0.95,0.52,0.95,Matches
291,Callum Marshall,nir NIR,FW,West Ham,21-043,2004,2,0,60,0.7,0,0,0,0,0,0,0,0,0.1,0.1,0.0,0.1,0,1,0,0.00,0.00,0.00,0.00,0.00,0.19,0.00,0.19,0.19,0.19,Matches
292,Gabriel Martinelli,br BRA,FW,Arsenal,24-206,2001,16,6,510,5.7,1,0,1,1,0,0,2,0,2.1,2.1,0.3,2.4,21,15,39,0.18,0.00,0.18,0.18,0.18,0.37,0.05,0.42,0.37,0.42,Matches
293,Emiliano Martínez,ar ARG,GK,Aston Villa,33-130,1992,17,17,1485,16.5,0,0,0,0,0,0,1,0,0.0,0.0,0.0,0.0,0,2,0,0.00,0.00,0.00,0.00,0.00,0.00,0.00,0.00,0.00,0.00,Matches
294,Lisandro Martínez,ar ARG,DF,Manchester Utd,27-357,1998,9,4,458,5.1,0,0,0,0,0,0,0,0,0.1,0.1,0.6,0.7,8,29,1,0.00,0.00,0.00,0.00,0.00,0.01,0.12,0.13,0.01,0.13,Matches
295,Arthur Masuaku,cd COD,"DF,MF",Sunderland,32-064,1993,3,2,126,1.4,0,0,0,0,0,0,1,0,0.1,0.1,0.1,0.1,2,5,5,0.00,0.00,0.00,0.00,0.00,0.05,0.05,0.10,0.05,0.10,Matches
296,Pape Matar Sarr,sn SEN,MF,Tottenham,23-118,2002,14,7,709,7.9,2,2,4,2,0,0,0,0,1.0,1.0,0.7,1.7,14,27,25,0.25,0.25,0.51,0.25,0.51,0.13,0.09,0.22,0.13,0.22,Matches
297,Jean-Philippe Mateta,fr FRA,FW,Crystal Palace,28-196,1997,21,21,1730,19.2,8,0,8,5,3,3,2,0,11.3,8.9,0.6,9.5,16,24,83,0.42,0.00,0.42,0.26,0.26,0.59,0.03,0.62,0.46,0.50,Matches
298,Konstantinos Mavropanos,gr GRE,DF,West Ham,28-030,1997,14,11,1093,12.1,0,0,0,0,0,0,2,0,0.7,0.7,0.0,0.7,7,33,2,0.00,0.00,0.00,0.00,0.00,0.06,0.00,0.06,0.06,0.06,Matches
299,Eliezer Mayenda,es ESP,FW,Sunderland,20-247,2005,12,5,498,5.5,1,0,1,1,0,0,0,0,0.9,0.9,0.5,1.4,10,8,20,0.18,0.00,0.18,0.18,0.18,0.17,0.09,0.26,0.17,0.26,Matches
300,Ezra Mayers,bb BRB,DF,West Ham,18-359,2007,5,0,116,1.3,0,0,0,0,0,0,0,0,0.1,0.1,0.2,0.4,2,11,7,0.00,0.00,0.00,0.00,0.00,0.09,0.19,0.28,0.09,0.28,Matches
301,Noussair Mazraoui,ma MAR,DF,Manchester Utd,28-057,1997,9,6,442,4.9,0,0,0,0,0,0,1,0,0.0,0.0,0.1,0.1,9,47,21,0.00,0.00,0.00,0.00,0.00,0.00,0.01,0.02,0.00,0.02,Matches
302,Bryan Mbeumo,cm CMR,MF,Manchester Utd,26-156,1999,16,16,1403,15.6,6,1,7,6,0,0,3,0,5.5,5.5,3.1,8.7,41,44,145,0.38,0.06,0.45,0.38,0.45,0.36,0.20,0.56,0.36,0.56,Matches
303,James Mcatee,eng ENG,"MF,FW",Nott'ham Forest,23-084,2002,7,1,175,1.9,0,0,0,0,0,0,1,0,0.0,0.0,0.4,0.4,5,10,11,0.00,0.00,0.00,0.00,0.00,0.01,0.18,0.19,0.01,0.19,Matches
304,John McGinn,sct SCO,"FW,MF",Aston Villa,31-084,1994,21,20,1574,17.5,3,2,5,3,0,0,3,0,2.6,2.6,2.1,4.6,24,70,67,0.17,0.11,0.29,0.17,0.29,0.15,0.12,0.27,0.15,0.27,Matches
305,Dwight McNeil,eng ENG,"FW,MF",Everton,26-049,1999,12,5,486,5.4,0,1,1,0,0,0,0,0,0.4,0.4,0.8,1.2,5,12,19,0.00,0.19,0.19,0.00,0.19,0.08,0.14,0.22,0.08,0.22,Matches
306,Hannibal Mejbri,tn TUN,MF,Burnley,22-354,2003,14,5,460,5.1,0,1,1,0,0,0,4,0,0.3,0.3,1.1,1.4,13,21,19,0.00,0.20,0.20,0.00,0.20,0.06,0.21,0.27,0.06,0.27,Matches
307,Mikel Merino,es ESP,"MF,FW",Arsenal,29-202,1996,19,10,940,10.4,3,3,6,3,0,0,1,0,2.1,2.1,1.4,3.5,14,38,33,0.29,0.29,0.57,0.29,0.57,0.20,0.14,0.34,0.20,0.34,Matches
308,Antoni Milambo,nl NED,MF,Brentford,20-282,2005,1,1,45,0.5,0,0,0,0,0,0,0,0,0.0,0.0,0.0,0.0,1,3,1,0.00,0.00,0.00,0.00,0.00,0.00,0.00,0.00,0.00,0.00,Matches
309,Nikola Milenković,rs SRB,DF,Nott'ham Forest,28-090,1997,21,21,1890,21.0,0,0,0,0,0,0,4,0,0.8,0.8,0.3,1.1,5,49,4,0.00,0.00,0.00,0.00,0.00,0.04,0.01,0.05,0.04,0.05,Matches
310,Lewis Miley,eng ENG,"MF,DF",Newcastle Utd,19-254,2006,17,10,1022,11.4,1,3,4,1,0,0,0,0,1.2,1.2,1.1,2.3,14,38,24,0.09,0.26,0.35,0.09,0.35,0.10,0.10,0.20,0.10,0.20,Matches
311,James Milner,eng ENG,MF,Brighton,40-006,1986,12,2,307,3.4,1,1,2,0,1,1,2,0,0.8,0.1,0.2,0.3,4,20,6,0.29,0.29,0.59,0.00,0.29,0.25,0.07,0.32,0.02,0.09,Matches
312,Veljko Milosavljević,rs SRB,DF,Bournemouth,18-196,2007,6,4,367,4.1,0,0,0,0,0,0,0,0,0.2,0.2,0.1,0.2,3,12,0,0.00,0.00,0.00,0.00,0.00,0.04,0.01,0.05,0.04,0.05,Matches
313,Tyrone Mings,eng ENG,DF,Aston Villa,32-303,1993,7,6,498,5.5,0,0,0,0,0,0,0,0,0.3,0.3,0.1,0.4,1,27,3,0.00,0.00,0.00,0.00,0.00,0.05,0.02,0.07,0.05,0.07,Matches
314,Yankuba Minteh,gm GAM,FW,Brighton,21-172,2004,19,18,1541,17.1,1,4,5,1,0,0,0,0,2.7,2.7,4.5,7.2,82,25,174,0.06,0.23,0.29,0.06,0.29,0.16,0.26,0.42,0.16,0.42,Matches
315,Tyrick Mitchell,eng ENG,DF,Crystal Palace,26-131,1999,21,21,1883,20.9,1,0,1,1,0,0,4,0,0.7,0.7,1.4,2.1,39,33,128,0.05,0.00,0.05,0.05,0.05,0.03,0.07,0.10,0.03,0.10,Matches
316,Kaoru Mitoma,jp JPN,FW,Brighton,28-235,1997,11,8,747,8.3,2,1,3,2,0,0,2,0,1.3,1.3,2.1,3.4,29,21,77,0.24,0.12,0.36,0.24,0.36,0.16,0.25,0.41,0.16,0.41,Matches
317,Morato,br BRA,DF,Nott'ham Forest,24-194,2001,10,8,710,7.9,0,0,0,0,0,0,4,0,0.0,0.0,0.0,0.0,3,32,1,0.00,0.00,0.00,0.00,0.00,0.00,0.00,0.00,0.00,0.00,Matches
318,Cristhian Mosquera,es ESP,DF,Arsenal,21-197,2004,10,4,433,4.8,0,0,0,0,0,0,1,0,0.0,0.0,0.1,0.1,8,15,2,0.00,0.00,0.00,0.00,0.00,0.00,0.01,0.01,0.00,0.01,Matches
319,Yerson Mosquera,co COL,DF,Wolves,24-253,2001,12,10,866,9.6,0,0,0,0,0,0,6,0,0.7,0.7,0.3,1.0,5,12,7,0.00,0.00,0.00,0.00,0.00,0.07,0.03,0.10,0.07,0.10,Matches
320,Mason Mount,eng ENG,MF,Manchester Utd,27-000,1999,16,10,815,9.1,3,0,3,3,0,0,0,0,1.5,1.5,1.1,2.6,14,51,48,0.33,0.00,0.33,0.33,0.33,0.16,0.12,0.28,0.16,0.28,Matches
321,Divine Mukasa,eng ENG,MF,Manchester City,18-141,2007,1,0,16,0.2,0,0,0,0,0,0,0,0,0.0,0.0,0.1,0.1,1,3,0,0.00,0.00,0.00,0.00,0.00,0.00,0.62,0.62,0.00,0.62,Matches
322,Nordi Mukiele,fr FRA,DF,Sunderland,28-070,1997,19,19,1710,19.0,1,1,2,1,0,0,3,0,0.7,0.7,1.1,1.8,12,56,50,0.05,0.05,0.11,0.05,0.11,0.04,0.06,0.09,0.04,0.09,Matches
323,Romaine Mundle,eng ENG,"FW,MF",Sunderland,22-261,2003,8,0,178,2.0,0,0,0,0,0,0,1,0,0.4,0.4,0.0,0.4,8,4,15,0.00,0.00,0.00,0.00,0.00,0.22,0.01,0.23,0.22,0.23,Matches
324,Marshall Munetsi,zw ZIM,"MF,FW",Wolves,29-202,1996,13,9,875,9.7,1,1,2,1,0,0,2,0,1.6,1.6,0.5,2.1,11,18,37,0.10,0.10,0.21,0.10,0.21,0.17,0.05,0.22,0.17,0.22,Matches
325,Rodrigo Muniz,br BRA,FW,Fulham,24-251,2001,7,4,352,3.9,1,1,2,1,0,0,1,0,1.0,1.0,0.3,1.3,0,2,11,0.26,0.26,0.51,0.26,0.51,0.26,0.07,0.33,0.26,0.33,Matches
326,Daniel Muñoz,co COL,"DF,MF",Crystal Palace,29-229,1996,14,14,1259,14.0,3,2,5,3,0,0,4,0,1.8,1.8,2.5,4.3,21,29,75,0.21,0.14,0.36,0.21,0.36,0.13,0.18,0.31,0.13,0.31,Matches
327,Murillo,br BRA,DF,Nott'ham Forest,23-190,2002,15,15,1279,14.2,1,0,1,1,0,0,3,0,0.5,0.5,0.2,0.7,5,61,2,0.07,0.00,0.07,0.07,0.07,0.03,0.02,0.05,0.03,0.05,Matches
328,Jacob Murphy,eng ENG,FW,Newcastle Utd,30-320,1995,18,12,1010,11.2,2,1,3,2,0,0,0,0,2.8,2.8,3.5,6.3,30,36,128,0.18,0.09,0.27,0.18,0.27,0.25,0.31,0.56,0.25,0.56,Matches
329,Vitaliy Mykolenko,ua UKR,DF,Everton,26-226,1999,18,18,1615,17.9,0,0,0,0,0,0,4,0,0.2,0.2,0.6,0.8,25,84,61,0.00,0.00,0.00,0.00,0.00,0.01,0.03,0.05,0.01,0.05,Matches
330,David Møller Wolfe,no NOR,"DF,MF",Wolves,23-262,2002,14,8,707,7.9,0,2,2,0,0,0,1,0,0.1,0.1,1.6,1.8,14,18,36,0.00,0.25,0.25,0.00,0.25,0.02,0.21,0.22,0.02,0.22,Matches
331,Iliman Ndiaye,sn SEN,FW,Everton,25-310,2000,16,16,1341,14.9,4,2,6,3,1,1,2,0,3.2,2.4,2.6,5.0,53,26,97,0.27,0.13,0.40,0.20,0.34,0.21,0.18,0.39,0.16,0.34,Matches
332,Dan Ndoye,ch SUI,FW,Nott'ham Forest,25-077,2000,15,14,996,11.1,1,1,2,1,0,0,1,0,0.8,0.8,1.0,1.8,42,25,95,0.09,0.09,0.18,0.09,0.18,0.07,0.09,0.16,0.07,0.16,Matches
333,Dan Neil,eng ENG,MF,Sunderland,24-028,2001,3,0,14,0.2,0,0,0,0,0,0,0,0,0.0,0.0,0.0,0.0,0,1,1,0.00,0.00,0.00,0.00,0.00,0.00,0.00,0.00,0.00,0.00,Matches
334,Reiss Nelson,eng ENG,FW,Brentford,26-031,1999,6,0,55,0.6,0,0,0,0,0,0,0,0,0.6,0.6,0.0,0.6,2,5,6,0.00,0.00,0.00,0.00,0.00,1.00,0.00,1.00,1.00,1.00,Matches
335,Pedro Neto,pt POR,FW,Chelsea,25-307,2000,21,19,1639,18.2,5,3,8,5,0,0,2,0,3.6,3.6,4.0,7.6,86,55,160,0.27,0.16,0.44,0.27,0.44,0.20,0.22,0.42,0.20,0.42,Matches
336,Rio Ngumoha,eng ENG,"FW,MF",Liverpool,17-134,2008,6,0,53,0.6,1,0,1,1,0,0,0,0,0.4,0.4,0.2,0.5,7,1,21,1.70,0.00,1.70,1.70,1.70,0.60,0.30,0.91,0.60,0.91,Matches
337,Eddie Nketiah,eng ENG,"MF,FW",Crystal Palace,26-225,1999,12,2,424,4.7,2,0,2,2,0,0,2,0,1.9,1.9,0.9,2.9,16,9,24,0.42,0.00,0.42,0.42,0.42,0.41,0.20,0.61,0.41,0.61,Matches
338,Lukas Nmecha,de GER,FW,Leeds United,27-027,1998,18,6,603,6.7,4,0,4,3,1,2,0,0,4.4,2.7,0.2,2.9,8,7,36,0.60,0.00,0.60,0.45,0.45,0.65,0.03,0.68,0.40,0.43,Matches
339,Matheus Nunes,pt POR,DF,Manchester City,27-136,1998,19,17,1576,17.5,1,3,4,1,0,0,3,0,0.3,0.3,0.8,1.1,38,93,84,0.06,0.17,0.23,0.06,0.23,0.01,0.05,0.06,0.01,0.06,Matches
340,Ethan Nwaneri,eng ENG,MF,Arsenal,18-295,2007,6,0,171,1.9,0,0,0,0,0,0,0,0,0.2,0.2,0.0,0.3,7,14,6,0.00,0.00,0.00,0.00,0.00,0.12,0.02,0.14,0.12,0.14,Matches
341,Trey Nyoni,eng ENG,FW,Liverpool,18-194,2007,2,0,2,0.0,0,0,0,0,0,0,0,0,0.0,0.0,0.0,0.0,0,0,0,0.00,0.00,0.00,0.00,0.00,0.00,1.41,1.41,0.00,1.41,Matches
342,Christian Nørgaard,dk DEN,MF,Arsenal,31-306,1994,3,0,33,0.4,0,0,0,0,0,0,0,0,0.1,0.1,0.0,0.1,0,1,0,0.00,0.00,0.00,0.00,0.00,0.14,0.00,0.14,0.14,0.14,Matches
343,Jake O'Brien,ie IRL,DF,Everton,24-240,2001,21,19,1760,19.6,0,1,1,0,0,0,1,0,0.6,0.6,0.3,0.9,12,47,38,0.00,0.05,0.05,0.00,0.05,0.03,0.01,0.05,0.03,0.05,Matches
344,Luke O'Nien,eng ENG,"DF,MF",Sunderland,31-050,1994,3,0,11,0.1,0,0,0,0,0,0,0,1,0.0,0.0,0.0,0.0,2,1,0,0.00,0.00,0.00,0.00,0.00,0.00,0.00,0.00,0.00,0.00,Matches
345,Matt O'Riley,dk DEN,MF,Brighton,25-050,2000,2,2,177,2.0,1,0,1,0,1,1,0,0,1.2,0.4,0.2,0.6,0,5,11,0.51,0.00,0.51,0.00,0.00,0.61,0.10,0.72,0.21,0.32,Matches
346,Wilson Odobert,fr FRA,"FW,MF",Tottenham,21-043,2004,19,6,718,8.0,0,1,1,0,0,0,0,0,1.0,1.0,1.3,2.3,31,29,56,0.00,0.13,0.13,0.00,0.13,0.13,0.16,0.29,0.13,0.29,Matches
347,Noah Okafor,ch SUI,"FW,MF",Leeds United,25-231,2000,18,13,1036,11.5,2,0,2,2,0,0,2,0,2.7,2.7,1.0,3.7,38,28,86,0.17,0.00,0.17,0.17,0.17,0.24,0.09,0.32,0.24,0.32,Matches
348,Amadou Onana,be BEL,MF,Aston Villa,24-147,2001,14,11,888,9.9,2,0,2,2,0,0,2,0,0.4,0.4,0.1,0.6,11,40,4,0.20,0.00,0.20,0.20,0.20,0.04,0.01,0.06,0.04,0.06,Matches
349,Frank Onyeka,ng NGA,MF,Brentford,28-009,1998,6,0,92,1.0,0,1,1,0,0,0,0,0,0.0,0.0,0.1,0.1,2,4,2,0.00,0.98,0.98,0.00,0.98,0.00,0.12,0.12,0.00,0.12,Matches
350,Nehemiah Oriola,eng ENG,MF,Brighton,18-213,2007,1,0,1,0.0,0,0,0,0,0,0,0,0,0.0,0.0,0.0,0.0,0,0,0,0.00,0.00,0.00,0.00,0.00,0.00,0.00,0.00,0.00,0.00,Matches
351,William Osula,dk DEN,FW,Newcastle Utd,22-159,2003,10,1,219,2.4,1,0,1,1,0,0,0,0,0.6,0.6,0.1,0.7,4,2,12,0.41,0.00,0.41,0.41,0.41,0.27,0.03,0.30,0.27,0.30,Matches
352,Dango Ouattara,bf BFA,FW,Brentford,23-333,2002,15,12,1062,11.8,3,0,3,3,0,0,3,0,3.5,3.5,1.1,4.6,28,18,80,0.25,0.00,0.25,0.25,0.25,0.29,0.09,0.39,0.29,0.39,Matches
353,Nico O’Reilly,eng ENG,DF,Manchester City,20-295,2005,20,16,1479,16.4,1,3,4,1,0,0,3,0,2.1,2.1,2.6,4.7,47,37,92,0.06,0.18,0.24,0.06,0.24,0.13,0.16,0.28,0.13,0.28,Matches
354,Pablo,br BRA,MF,West Ham,22-008,2004,1,0,28,0.3,0,0,0,0,0,0,0,0,0.0,0.0,0.0,0.1,1,1,1,0.00,0.00,0.00,0.00,0.00,0.12,0.10,0.21,0.12,0.21,Matches
355,João Palhinha,pt POR,MF,Tottenham,30-185,1995,20,14,1304,14.5,3,2,5,3,0,0,5,0,1.0,1.0,0.3,1.3,9,49,14,0.21,0.14,0.35,0.21,0.35,0.07,0.02,0.09,0.07,0.09,Matches
356,Cole Palmer,eng ENG,"MF,FW",Chelsea,23-249,2002,11,9,664,7.4,3,0,3,2,1,1,1,0,2.7,1.9,0.2,2.2,27,41,39,0.41,0.00,0.41,0.27,0.27,0.37,0.03,0.40,0.26,0.29,Matches
357,Lucas Paquetá,br BRA,"MF,FW",West Ham,28-136,1997,18,18,1511,16.8,4,1,5,2,2,2,7,1,2.8,1.3,2.3,3.6,10,95,59,0.24,0.06,0.30,0.12,0.18,0.17,0.14,0.31,0.07,0.21,Matches
358,Nathan Patterson,sct SCO,DF,Everton,24-086,2001,3,1,78,0.9,0,0,0,0,0,0,0,0,0.0,0.0,0.0,0.0,1,1,2,0.00,0.00,0.00,0.00,0.00,0.03,0.00,0.03,0.03,0.03,Matches
359,Myles Peart-Harris,eng ENG,FW,Brentford,23-114,2002,1,0,1,0.0,0,0,0,0,0,0,0,0,0.0,0.0,0.0,0.0,0,0,0,0.00,0.00,0.00,0.00,0.00,0.00,0.00,0.00,0.00,0.00,Matches
360,Lucas Perri,br BRA,GK,Leeds United,28-031,1997,16,16,1440,16.0,0,0,0,0,0,0,2,0,0.0,0.0,0.0,0.0,0,0,0,0.00,0.00,0.00,0.00,0.00,0.00,0.00,0.00,0.00,0.00,Matches
361,Đorđe Petrović,rs SRB,GK,Bournemouth,26-094,1999,21,21,1890,21.0,0,0,0,0,0,0,1,0,0.0,0.0,0.0,0.0,0,0,0,0.00,0.00,0.00,0.00,0.00,0.00,0.00,0.00,0.00,0.00,Matches
362,Jordan Pickford,eng ENG,GK,Everton,31-309,1994,21,21,1890,21.0,0,0,0,0,0,0,0,0,0.0,0.0,0.0,0.0,0,1,0,0.00,0.00,0.00,0.00,0.00,0.00,0.00,0.00,0.00,0.00,Matches
363,Ethan Pinnock,jm JAM,DF,Brentford,32-226,1993,3,3,228,2.5,0,0,0,0,0,0,1,0,0.0,0.0,0.0,0.0,0,4,3,0.00,0.00,0.00,0.00,0.00,0.00,0.00,0.00,0.00,0.00,Matches
364,Yeremi Pino,es ESP,MF,Crystal Palace,23-082,2002,19,17,1348,15.0,1,1,2,1,0,0,3,0,3.4,3.4,3.6,7.0,28,68,93,0.07,0.07,0.13,0.07,0.13,0.23,0.24,0.47,0.23,0.47,Matches
365,Joël Piroe,nl NED,"FW,MF",Leeds United,26-161,1999,10,2,209,2.3,0,0,0,0,0,0,0,0,0.7,0.7,0.0,0.7,3,5,12,0.00,0.00,0.00,0.00,0.00,0.30,0.00,0.30,0.30,0.30,Matches
366,Nick Pope,eng ENG,GK,Newcastle Utd,33-266,1992,15,15,1336,14.8,0,0,0,0,0,0,1,0,0.0,0.0,0.0,0.0,0,1,0,0.00,0.00,0.00,0.00,0.00,0.00,0.00,0.00,0.00,0.00,Matches
367,Pedro Porro,es ESP,DF,Tottenham,26-119,1999,21,19,1688,18.8,0,1,1,0,0,0,5,0,0.4,0.4,1.8,2.2,38,100,50,0.00,0.05,0.05,0.00,0.05,0.02,0.10,0.12,0.02,0.12,Matches
368,Freddie Potts,eng ENG,MF,West Ham,22-120,2003,16,10,972,10.8,0,1,1,0,0,0,1,0,0.2,0.2,1.1,1.3,6,35,7,0.00,0.09,0.09,0.00,0.09,0.02,0.10,0.12,0.02,0.12,Matches
369,Aaron Ramsdale,eng ENG,GK,Newcastle Utd,27-241,1998,7,6,554,6.2,0,0,0,0,0,0,0,0,0.0,0.0,0.1,0.1,0,0,0,0.00,0.00,0.00,0.00,0.00,0.00,0.02,0.02,0.00,0.02,Matches
370,Jacob Ramsey,eng ENG,MF,Newcastle Utd,24-227,2001,12,4,511,5.7,0,0,0,0,0,0,2,0,0.3,0.3,0.7,1.0,13,26,45,0.00,0.00,0.00,0.00,0.00,0.06,0.12,0.18,0.06,0.18,Matches
371,David Raya,es ESP,GK,Arsenal,30-117,1995,21,21,1890,21.0,0,0,0,0,0,0,1,0,0.0,0.0,0.1,0.1,0,5,0,0.00,0.00,0.00,0.00,0.00,0.00,0.00,0.00,0.00,0.00,Matches
372,Harrison Reed,eng ENG,MF,Fulham,30-348,1995,4,0,17,0.2,1,0,1,1,0,0,0,0,0.0,0.0,0.0,0.0,0,0,0,5.29,0.00,5.29,5.29,5.29,0.16,0.00,0.16,0.16,0.16,Matches
373,Tijjani Reijnders,nl NED,MF,Manchester City,27-165,1998,20,16,1336,14.8,5,2,7,5,0,0,2,0,3.7,3.7,2.4,6.1,37,59,67,0.34,0.13,0.47,0.34,0.47,0.25,0.16,0.41,0.25,0.41,Matches
374,Declan Rice,eng ENG,MF,Arsenal,26-361,1999,20,19,1696,18.8,4,3,7,4,0,0,1,0,2.5,2.5,3.5,6.0,54,134,50,0.21,0.16,0.37,0.21,0.37,0.13,0.18,0.32,0.13,0.32,Matches
375,Chris Richards,us USA,DF,Crystal Palace,25-288,2000,17,17,1522,16.9,0,0,0,0,0,0,0,0,0.4,0.4,0.3,0.7,7,33,7,0.00,0.00,0.00,0.00,0.00,0.02,0.02,0.04,0.02,0.04,Matches
376,Richarlison,br BRA,FW,Tottenham,28-245,1997,21,13,1283,14.3,7,3,10,7,0,0,4,0,4.7,4.7,2.1,6.8,18,23,57,0.49,0.21,0.70,0.49,0.70,0.33,0.15,0.48,0.33,0.48,Matches
377,Chris Rigg,eng ENG,"FW,MF",Sunderland,18-206,2007,10,6,377,4.2,0,0,0,0,0,0,0,0,0.3,0.3,0.3,0.6,2,8,21,0.00,0.00,0.00,0.00,0.00,0.07,0.07,0.14,0.07,0.14,Matches
378,Patrick Roberts,eng ENG,"MF,FW",Sunderland,28-339,1997,1,0,28,0.3,0,0,0,0,0,0,0,0,0.0,0.0,0.0,0.0,1,1,4,0.00,0.00,0.00,0.00,0.00,0.11,0.00,0.11,0.11,0.11,Matches
379,Andrew Robertson,sct SCO,DF,Liverpool,31-305,1994,12,4,488,5.4,0,0,0,0,0,0,0,0,0.2,0.2,0.6,0.8,12,41,31,0.00,0.00,0.00,0.00,0.00,0.04,0.10,0.14,0.04,0.14,Matches
380,Antonee Robinson,us USA,DF,Fulham,28-155,1997,9,6,586,6.5,0,0,0,0,0,0,0,0,0.2,0.2,0.9,1.1,21,31,62,0.00,0.00,0.00,0.00,0.00,0.03,0.14,0.17,0.03,0.17,Matches
381,Kaden Rodney,eng ENG,MF,Crystal Palace,21-095,2004,1,0,4,0.0,0,0,0,0,0,0,0,0,0.0,0.0,0.0,0.0,0,0,0,0.00,0.00,0.00,0.00,0.00,0.00,0.00,0.00,0.00,0.00,Matches
382,Joe Rodon,wls WAL,DF,Leeds United,28-080,1997,19,19,1649,18.3,2,0,2,2,0,0,1,0,0.9,0.9,0.4,1.3,16,70,9,0.11,0.00,0.11,0.11,0.11,0.05,0.02,0.07,0.05,0.07,Matches
383,Rodri,es ESP,MF,Manchester City,29-202,1996,9,5,455,5.1,0,0,0,0,0,0,0,0,0.1,0.1,0.9,1.0,9,34,5,0.00,0.00,0.00,0.00,0.00,0.03,0.18,0.21,0.03,0.21,Matches
384,Guido Rodríguez,ar ARG,MF,West Ham,31-273,1994,5,2,168,1.9,0,0,0,0,0,0,1,0,0.0,0.0,0.0,0.0,0,8,4,0.00,0.00,0.00,0.00,0.00,0.01,0.00,0.01,0.01,0.01,Matches
385,Robin Roefs,nl NED,GK,Sunderland,22-358,2003,21,21,1890,21.0,0,0,0,0,0,0,2,0,0.0,0.0,0.4,0.4,0,0,0,0.00,0.00,0.00,0.00,0.00,0.00,0.02,0.02,0.00,0.02,Matches
386,Morgan Rogers,eng ENG,"FW,MF",Aston Villa,23-168,2002,21,21,1867,20.7,7,4,11,7,0,0,4,0,3.4,3.4,3.2,6.6,49,68,133,0.34,0.19,0.53,0.34,0.53,0.16,0.16,0.32,0.16,0.32,Matches
387,Merlin Röhl,de GER,MF,Everton,23-189,2002,9,1,269,3.0,0,0,0,0,0,0,0,0,0.5,0.5,0.2,0.7,5,6,17,0.00,0.00,0.00,0.00,0.00,0.17,0.05,0.22,0.17,0.22,Matches
388,Cristian Romero,ar ARG,DF,Tottenham,27-258,1998,17,16,1457,16.2,2,1,3,2,0,0,9,1,1.0,1.0,1.1,2.1,5,52,2,0.12,0.06,0.19,0.12,0.19,0.06,0.07,0.13,0.06,0.13,Matches
389,Georginio Rutter,fr FRA,"MF,FW",Brighton,23-265,2002,19,16,1337,14.9,2,2,4,2,0,0,2,0,1.9,1.9,2.7,4.6,26,67,68,0.13,0.13,0.27,0.13,0.27,0.13,0.18,0.31,0.13,0.31,Matches
390,José Sá,pt POR,GK,Wolves,32-358,1993,9,9,810,9.0,0,0,0,0,0,0,1,0,0.0,0.0,0.1,0.1,0,0,0,0.00,0.00,0.00,0.00,0.00,0.00,0.01,0.01,0.00,0.01,Matches
391,Noah Sadiki,cd COD,MF,Sunderland,21-024,2004,16,16,1412,15.7,0,0,0,0,0,0,4,0,0.3,0.3,0.4,0.6,30,47,39,0.00,0.00,0.00,0.00,0.00,0.02,0.02,0.04,0.02,0.04,Matches
392,Bukayo Saka,eng ENG,FW,Arsenal,24-127,2001,19,16,1422,15.8,4,3,7,3,1,1,1,0,5.3,4.6,4.9,9.4,77,39,205,0.25,0.19,0.44,0.19,0.38,0.34,0.31,0.65,0.29,0.60,Matches
393,Mohamed Salah,eg EGY,"FW,MF",Liverpool,33-209,1992,14,12,1183,13.1,4,3,7,3,1,1,1,0,4.5,3.8,3.0,6.7,51,63,169,0.30,0.23,0.53,0.23,0.46,0.35,0.22,0.57,0.29,0.51,Matches
394,William Saliba,fr FRA,DF,Arsenal,24-292,2001,17,16,1354,15.0,0,0,0,0,0,0,0,0,0.3,0.3,0.2,0.5,6,62,5,0.00,0.00,0.00,0.00,0.00,0.02,0.01,0.03,0.02,0.03,Matches
395,Robert Sánchez,es ESP,GK,Chelsea,28-053,1997,20,20,1714,19.0,0,1,1,0,0,0,2,1,0.0,0.0,0.8,0.8,0,0,0,0.00,0.05,0.05,0.00,0.05,0.00,0.04,0.04,0.00,0.04,Matches
396,Jadon Sancho,eng ENG,FW,Aston Villa,25-291,2000,11,2,311,3.5,0,0,0,0,0,0,0,0,0.4,0.4,0.5,0.9,10,16,37,0.00,0.00,0.00,0.00,0.00,0.11,0.14,0.25,0.11,0.25,Matches
397,Ibrahim Sangaré,ci CIV,MF,Nott'ham Forest,28-039,1997,13,11,865,9.6,2,2,4,2,0,0,2,0,0.7,0.7,0.9,1.7,10,58,5,0.21,0.21,0.42,0.21,0.42,0.08,0.10,0.17,0.08,0.17,Matches
398,Andrey Santos,br BRA,MF,Chelsea,21-252,2004,15,5,520,5.8,0,0,0,0,0,0,3,0,1.7,1.7,0.2,1.9,6,29,14,0.00,0.00,0.00,0.00,0.00,0.29,0.04,0.33,0.29,0.33,Matches
399,Ismaila Sarr,sn SEN,"MF,FW",Crystal Palace,27-319,1998,12,12,1008,11.2,3,1,4,3,0,0,1,0,4.1,4.1,1.0,5.1,31,31,57,0.27,0.09,0.36,0.27,0.36,0.36,0.09,0.45,0.36,0.45,Matches
400,Sávio,br BRA,"MF,FW",Manchester City,21-275,2004,15,5,541,6.0,0,1,1,0,0,0,1,0,1.0,1.0,0.7,1.7,50,11,60,0.00,0.17,0.17,0.00,0.17,0.17,0.12,0.29,0.17,0.29,Matches
401,Nicolò Savona,it ITA,DF,Nott'ham Forest,22-297,2003,14,11,1028,11.4,2,0,2,2,0,0,2,0,1.3,1.3,0.4,1.8,11,30,37,0.18,0.00,0.18,0.18,0.18,0.12,0.04,0.16,0.12,0.16,Matches
402,Oliver Scarles,eng ENG,DF,West Ham,20-029,2005,7,7,464,5.2,0,0,0,0,0,0,0,0,0.2,0.2,0.3,0.5,4,13,21,0.00,0.00,0.00,0.00,0.00,0.04,0.07,0.11,0.04,0.11,Matches
403,Dane Scarlett,eng ENG,FW,Tottenham,21-292,2004,1,0,3,0.0,0,0,0,0,0,0,0,0,0.0,0.0,0.0,0.0,0,0,0,0.00,0.00,0.00,0.00,0.00,0.00,0.00,0.00,0.00,0.00,Matches
404,Kevin Schade,de GER,FW,Brentford,24-044,2001,20,19,1645,18.3,6,3,9,6,0,1,5,0,7.5,6.7,2.6,9.3,35,31,77,0.33,0.16,0.49,0.33,0.49,0.41,0.14,0.55,0.37,0.51,Matches
405,Fabian Schär,ch SUI,DF,Newcastle Utd,34-021,1991,16,11,1091,12.1,0,0,0,0,0,0,1,0,1.0,1.0,0.2,1.2,6,49,8,0.00,0.00,0.00,0.00,0.00,0.08,0.01,0.10,0.08,0.10,Matches
406,Alex Scott,eng ENG,MF,Bournemouth,22-142,2003,21,18,1410,15.7,1,0,1,1,0,0,2,0,1.3,1.3,1.3,2.5,31,50,28,0.06,0.00,0.06,0.06,0.06,0.08,0.08,0.16,0.08,0.16,Matches
407,Jenson Seelt,nl NED,DF,Sunderland,22-232,2003,2,1,134,1.5,0,0,0,0,0,0,0,0,0.0,0.0,0.0,0.0,2,14,0,0.00,0.00,0.00,0.00,0.00,0.00,0.00,0.00,0.00,0.00,Matches
408,Matz Sels,be BEL,GK,Nott'ham Forest,33-318,1992,17,16,1453,16.1,0,0,0,0,0,0,1,0,0.0,0.0,0.1,0.1,0,1,0,0.00,0.00,0.00,0.00,0.00,0.00,0.01,0.01,0.00,0.01,Matches
409,Antoine Semenyo,gh GHA,"FW,MF",Bournemouth,26-003,2000,20,20,1798,20.0,10,3,13,9,1,2,6,0,6.7,5.1,2.1,7.2,73,68,126,0.50,0.15,0.65,0.45,0.60,0.34,0.11,0.44,0.26,0.36,Matches
410,Marcos Senesi,ar ARG,DF,Bournemouth,28-245,1997,20,20,1758,19.5,0,4,4,0,0,0,6,0,0.6,0.6,2.9,3.5,15,126,11,0.00,0.20,0.20,0.00,0.20,0.03,0.15,0.18,0.03,0.18,Matches
411,Benjamin Šeško,si SVN,FW,Manchester Utd,22-224,2003,17,11,1044,11.6,4,1,5,4,0,0,1,0,5.0,5.0,0.4,5.4,8,13,56,0.34,0.09,0.43,0.34,0.43,0.43,0.03,0.47,0.43,0.47,Matches
412,Ryan Sessegnon,eng ENG,DF,Fulham,25-237,2000,14,13,1124,12.5,2,0,2,2,0,0,0,0,0.9,0.9,1.2,2.1,29,43,62,0.16,0.00,0.16,0.16,0.16,0.07,0.10,0.17,0.07,0.17,Matches
413,Luke Shaw,eng ENG,DF,Manchester Utd,30-182,1995,21,21,1817,20.2,0,1,1,0,0,0,3,0,0.1,0.1,0.8,0.9,39,90,32,0.00,0.05,0.05,0.00,0.05,0.00,0.04,0.05,0.00,0.05,Matches
414,Bernardo Silva,pt POR,MF,Manchester City,31-153,1994,21,17,1496,16.6,0,2,2,0,0,0,5,0,0.6,0.6,2.3,2.9,43,77,75,0.00,0.12,0.12,0.00,0.12,0.04,0.14,0.17,0.04,0.17,Matches
415,Jota Silva,pt POR,FW,Nott'ham Forest,26-162,1999,1,0,12,0.1,0,0,0,0,0,0,0,0,0.0,0.0,0.0,0.0,0,0,1,0.00,0.00,0.00,0.00,0.00,0.00,0.00,0.00,0.00,0.00,Matches
416,Xavi Simons,nl NED,"MF,FW",Tottenham,22-264,2003,15,10,924,10.3,1,3,4,1,0,0,2,1,0.9,0.9,1.6,2.5,34,66,47,0.10,0.29,0.39,0.10,0.39,0.09,0.15,0.24,0.09,0.24,Matches
417,Adam Smith,eng ENG,DF,Bournemouth,34-256,1991,10,8,523,5.8,0,1,1,0,0,0,1,0,0.0,0.0,0.4,0.4,2,15,9,0.00,0.17,0.17,0.00,0.17,0.00,0.07,0.07,0.00,0.07,Matches
418,Emile Smith Rowe,eng ENG,MF,Fulham,25-166,2000,21,9,914,10.2,3,0,3,3,0,0,1,0,2.9,2.9,0.5,3.4,28,68,61,0.30,0.00,0.30,0.30,0.30,0.29,0.05,0.34,0.29,0.34,Matches
419,Dominic Solanke,eng ENG,FW,Tottenham,28-118,1997,2,0,33,0.4,0,0,0,0,0,0,0,0,0.2,0.2,0.0,0.2,0,0,2,0.00,0.00,0.00,0.00,0.00,0.57,0.00,0.57,0.57,0.57,Matches
420,Julio Soler,ar ARG,"DF,FW",Bournemouth,20-328,2005,3,0,35,0.4,0,0,0,0,0,0,0,0,0.0,0.0,0.0,0.0,1,1,3,0.00,0.00,0.00,0.00,0.00,0.00,0.00,0.00,0.00,0.00,Matches
421,Oliver Sonne,pe PER,"DF,FW",Burnley,25-061,2000,7,1,169,1.9,1,0,1,1,0,0,0,0,0.6,0.6,0.0,0.6,0,5,7,0.53,0.00,0.53,0.53,0.53,0.29,0.02,0.31,0.29,0.31,Matches
422,Borna Sosa,hr CRO,DF,Crystal Palace,27-354,1998,4,0,29,0.3,0,0,0,0,0,0,0,0,0.0,0.0,0.1,0.1,1,2,3,0.00,0.00,0.00,0.00,0.00,0.00,0.21,0.21,0.00,0.21,Matches
423,Tomáš Souček,cz CZE,"MF,FW",West Ham,30-317,1995,18,7,726,8.1,2,0,2,2,0,0,0,1,2.5,2.5,0.1,2.6,5,29,19,0.25,0.00,0.25,0.25,0.25,0.31,0.02,0.33,0.31,0.33,Matches
424,Djed Spence,eng ENG,DF,Tottenham,25-154,2000,18,16,1346,15.0,0,0,0,0,0,0,2,0,0.6,0.6,0.7,1.3,53,59,56,0.00,0.00,0.00,0.00,0.00,0.04,0.05,0.08,0.04,0.08,Matches
425,Anton Stach,de GER,MF,Leeds United,27-056,1998,19,18,1530,17.0,3,2,5,3,0,0,2,0,2.1,2.1,3.8,5.9,31,84,49,0.18,0.12,0.29,0.18,0.29,0.13,0.22,0.35,0.13,0.35,Matches
426,John Stones,eng ENG,DF,Manchester City,31-227,1994,7,4,353,3.9,0,0,0,0,0,0,0,0,0.0,0.0,0.1,0.1,3,15,5,0.00,0.00,0.00,0.00,0.00,0.00,0.01,0.01,0.00,0.01,Matches
427,Jørgen Strand Larsen,no NOR,FW,Wolves,25-338,2000,19,14,1313,14.6,1,1,2,0,1,2,2,0,2.8,1.2,0.6,1.8,4,13,48,0.07,0.07,0.14,0.00,0.07,0.19,0.04,0.23,0.08,0.12,Matches
428,Pascal Struijk,nl NED,DF,Leeds United,26-152,1999,19,18,1629,18.1,0,1,1,0,0,0,3,0,2.0,2.0,0.6,2.7,6,61,6,0.00,0.06,0.06,0.00,0.06,0.11,0.03,0.15,0.11,0.15,Matches
429,Crysencio Summerville,nl NED,"FW,MF",West Ham,24-072,2001,16,14,1139,12.7,0,1,1,0,0,0,3,0,2.0,2.0,0.5,2.5,26,38,81,0.00,0.08,0.08,0.00,0.08,0.16,0.04,0.20,0.16,0.20,Matches
430,Dominik Szoboszlai,hu HUN,"MF,DF",Liverpool,25-077,2000,20,20,1792,19.9,2,1,3,2,0,0,5,0,2.4,2.4,2.6,5.1,48,143,79,0.10,0.05,0.15,0.10,0.15,0.12,0.13,0.25,0.12,0.25,Matches
431,Chemsdine Talbi,ma MAR,"FW,MF",Sunderland,20-246,2005,16,9,886,9.8,2,1,3,2,0,0,0,0,1.2,1.2,0.3,1.5,24,10,55,0.20,0.10,0.30,0.20,0.30,0.12,0.03,0.15,0.12,0.15,Matches
432,Ao Tanaka,jp JPN,MF,Leeds United,27-122,1998,18,7,711,7.9,2,0,2,2,0,0,1,0,0.8,0.8,0.6,1.4,5,34,20,0.25,0.00,0.25,0.25,0.25,0.10,0.07,0.18,0.10,0.18,Matches
433,James Tarkowski,eng ENG,DF,Everton,33-052,1992,21,21,1890,21.0,0,1,1,0,0,0,4,0,1.3,1.3,1.2,2.5,8,61,8,0.00,0.05,0.05,0.00,0.05,0.06,0.06,0.12,0.06,0.12,Matches
434,Marcus Tavernier,eng ENG,"MF,FW",Bournemouth,26-294,1999,21,19,1691,18.8,4,3,7,3,1,1,3,0,4.2,3.4,2.4,5.8,54,95,109,0.21,0.16,0.37,0.16,0.32,0.22,0.13,0.35,0.18,0.31,Matches
435,Loum Tchaouna,fr FRA,"MF,FW",Burnley,22-124,2003,16,9,759,8.4,1,0,1,1,0,0,1,0,0.8,0.8,0.3,1.1,13,18,31,0.12,0.00,0.12,0.12,0.12,0.10,0.03,0.13,0.10,0.13,Matches
436,Jackson Tchatchoua,cm CMR,"DF,MF",Wolves,24-118,2001,20,10,1110,12.3,0,0,0,0,0,0,2,0,0.3,0.3,1.3,1.6,22,16,68,0.00,0.00,0.00,0.00,0.00,0.02,0.11,0.13,0.02,0.13,Matches
437,Mathys Tel,fr FRA,FW,Tottenham,20-258,2005,14,5,470,5.2,3,0,3,3,0,0,0,0,0.6,0.6,0.1,0.8,16,5,32,0.57,0.00,0.57,0.57,0.57,0.12,0.03,0.14,0.12,0.14,Matches
438,Kenny Tete,nl NED,DF,Fulham,30-093,1995,16,16,1345,14.9,1,0,1,1,0,0,2,0,0.4,0.4,0.6,1.0,18,54,30,0.07,0.00,0.07,0.07,0.07,0.03,0.04,0.07,0.03,0.07,Matches
439,Thiago,br BRA,FW,Brentford,24-198,2001,21,20,1752,19.5,16,1,17,11,5,6,4,0,12.5,7.8,3.0,10.8,16,20,81,0.82,0.05,0.87,0.57,0.62,0.64,0.15,0.80,0.40,0.55,Matches
440,Malick Thiaw,de GER,DF,Newcastle Utd,24-155,2001,18,17,1488,16.5,3,0,3,3,0,0,3,0,1.8,1.8,0.3,2.1,15,68,15,0.18,0.00,0.18,0.18,0.18,0.11,0.02,0.13,0.11,0.13,Matches
441,Youri Tielemans,be BEL,MF,Aston Villa,28-248,1997,15,13,1134,12.6,0,4,4,0,0,0,0,0,0.9,0.9,2.8,3.8,17,81,26,0.00,0.32,0.32,0.00,0.32,0.07,0.22,0.30,0.07,0.30,Matches
442,Jurriën Timber,nl NED,DF,Arsenal,24-207,2001,20,18,1641,18.2,2,3,5,2,0,0,2,0,4.0,4.0,1.1,5.0,34,105,94,0.11,0.16,0.27,0.11,0.27,0.22,0.06,0.28,0.22,0.28,Matches
443,Jean-Clair Todibo,fr FRA,DF,West Ham,26-011,1999,15,15,1250,13.9,0,1,1,0,0,0,4,0,0.0,0.0,0.3,0.4,9,35,3,0.00,0.07,0.07,0.00,0.07,0.00,0.03,0.03,0.00,0.03,Matches
444,Sandro Tonali,it ITA,MF,Newcastle Utd,25-247,2000,21,18,1428,15.9,0,1,1,0,0,0,2,0,0.7,0.7,1.9,2.5,25,106,29,0.00,0.06,0.06,0.00,0.06,0.04,0.12,0.16,0.04,0.16,Matches
445,Pau Torres,es ESP,DF,Aston Villa,28-359,1997,12,10,954,10.6,0,0,0,0,0,0,0,0,0.2,0.2,0.0,0.2,10,41,3,0.00,0.00,0.00,0.00,0.00,0.01,0.00,0.01,0.01,0.01,Matches
446,James Trafford,eng ENG,GK,Manchester City,23-092,2002,3,3,270,3.0,0,0,0,0,0,0,0,0,0.0,0.0,0.0,0.0,0,0,0,0.00,0.00,0.00,0.00,0.00,0.00,0.00,0.00,0.00,0.00,Matches
447,Adama Traoré,es ESP,"FW,MF",Fulham,29-350,1996,15,1,274,3.0,0,0,0,0,0,0,0,0,0.2,0.2,0.5,0.6,15,4,29,0.00,0.00,0.00,0.00,0.00,0.06,0.15,0.21,0.06,0.21,Matches
448,Bertrand Traoré,bf BFA,"FW,MF",Sunderland,30-126,1995,10,9,608,6.8,1,0,1,1,0,0,1,0,0.6,0.6,0.9,1.5,12,20,50,0.15,0.00,0.15,0.15,0.15,0.09,0.13,0.22,0.09,0.22,Matches
449,Mike Trésor,be BEL,"MF,FW",Burnley,26-227,1999,4,0,23,0.3,0,0,0,0,0,0,0,0,0.0,0.0,0.0,0.0,0,1,0,0.00,0.00,0.00,0.00,0.00,0.00,0.00,0.00,0.00,0.00,Matches
450,Kieran Trippier,eng ENG,DF,Newcastle Utd,35-113,1990,9,8,699,7.8,0,0,0,0,0,0,1,0,0.0,0.0,0.8,0.8,11,75,40,0.00,0.00,0.00,0.00,0.00,0.00,0.10,0.10,0.00,0.10,Matches
451,Leandro Trossard,be BEL,FW,Arsenal,31-037,1994,17,12,1131,12.6,5,4,9,5,0,0,1,0,4.0,4.0,2.2,6.2,39,50,127,0.40,0.32,0.72,0.40,0.72,0.32,0.18,0.49,0.32,0.49,Matches
452,Adrien Truffert,fr FRA,DF,Bournemouth,24-051,2001,21,21,1849,20.5,0,1,1,0,0,0,3,0,0.3,0.3,1.2,1.6,41,85,111,0.00,0.05,0.05,0.00,0.05,0.02,0.06,0.08,0.02,0.08,Matches
453,Axel Tuanzebe,cd COD,DF,Burnley,28-057,1997,8,8,706,7.8,0,0,0,0,0,0,1,0,0.0,0.0,0.0,0.0,3,16,3,0.00,0.00,0.00,0.00,0.00,0.00,0.00,0.00,0.00,0.00,Matches
454,Stefanos Tzimas,gr GRE,"FW,MF",Brighton,20-004,2006,9,1,139,1.5,1,1,2,1,0,0,0,0,0.5,0.5,0.5,0.9,1,1,8,0.65,0.65,1.29,0.65,1.29,0.30,0.30,0.60,0.30,0.60,Matches
455,Christantus Uche,ng NGA,"MF,FW",Crystal Palace,22-236,2003,10,0,119,1.3,0,0,0,0,0,0,0,0,0.2,0.2,0.0,0.2,2,1,15,0.00,0.00,0.00,0.00,0.00,0.15,0.00,0.15,0.15,0.15,Matches
456,Destiny Udogie,it ITA,DF,Tottenham,23-043,2002,10,6,609,6.8,0,1,1,0,0,0,1,0,0.1,0.1,0.4,0.5,21,37,45,0.00,0.15,0.15,0.00,0.15,0.02,0.06,0.08,0.02,0.08,Matches
457,Manuel Ugarte,uy URU,MF,Manchester Utd,24-274,2001,15,7,727,8.1,0,0,0,0,0,0,1,0,0.3,0.3,0.2,0.5,11,39,7,0.00,0.00,0.00,0.00,0.00,0.04,0.02,0.06,0.04,0.06,Matches
458,Lesley Ugochukwu,fr FRA,MF,Burnley,21-290,2004,20,15,1286,14.3,3,0,3,3,0,0,2,1,2.1,2.1,0.3,2.4,17,39,30,0.21,0.00,0.21,0.21,0.21,0.15,0.02,0.17,0.15,0.17,Matches
459,Enes Ünal,tr TUR,"FW,MF",Bournemouth,28-245,1997,9,0,119,1.3,1,0,1,1,0,0,1,0,1.0,1.0,0.0,1.0,0,1,9,0.76,0.00,0.76,0.76,0.76,0.74,0.00,0.74,0.74,0.74,Matches
460,Virgil van Dijk,nl NED,DF,Liverpool,34-186,1991,21,21,1890,21.0,0,0,0,0,0,0,3,0,0.9,0.9,0.2,1.1,20,163,13,0.00,0.00,0.00,0.00,0.00,0.04,0.01,0.05,0.04,0.05,Matches
461,Joël Veltman,nl NED,DF,Brighton,33-360,1992,11,6,587,6.5,1,0,1,1,0,0,3,0,0.9,0.9,0.3,1.2,15,28,10,0.15,0.00,0.15,0.15,0.15,0.13,0.04,0.18,0.13,0.18,Matches
462,Micky van de Ven,nl NED,DF,Tottenham,24-266,2001,20,20,1789,19.9,3,1,4,3,0,0,5,0,2.1,2.1,0.6,2.8,14,49,3,0.15,0.05,0.20,0.15,0.20,0.11,0.03,0.14,0.11,0.14,Matches
463,Bart Verbruggen,nl NED,GK,Brighton,23-145,2002,21,21,1890,21.0,0,0,0,0,0,0,3,0,0.0,0.0,0.1,0.1,0,0,0,0.00,0.00,0.00,0.00,0.00,0.00,0.01,0.01,0.00,0.01,Matches
464,Guglielmo Vicario,it ITA,GK,Tottenham,29-095,1996,21,21,1890,21.0,0,0,0,0,0,0,1,0,0.0,0.0,0.0,0.0,0,0,0,0.00,0.00,0.00,0.00,0.00,0.00,0.00,0.00,0.00,0.00,Matches
465,Kyle Walker,eng ENG,"DF,MF",Burnley,35-227,1990,20,20,1786,19.8,0,1,1,0,0,0,7,0,0.1,0.1,0.5,0.6,24,50,30,0.00,0.05,0.05,0.00,0.05,0.01,0.03,0.03,0.01,0.03,Matches
466,Kyle Walker-Peters,eng ENG,DF,West Ham,28-272,1997,16,10,957,10.6,1,0,1,1,0,0,2,0,1.2,1.2,0.2,1.4,24,41,47,0.09,0.00,0.09,0.09,0.09,0.11,0.02,0.13,0.11,0.13,Matches
467,Aaron Wan-Bissaka,cd COD,DF,West Ham,28-045,1997,12,11,1011,11.2,0,0,0,0,0,0,2,0,0.0,0.0,0.6,0.6,24,37,50,0.00,0.00,0.00,0.00,0.00,0.00,0.06,0.06,0.00,0.06,Matches
468,James Ward-Prowse,eng ENG,MF,West Ham,31-070,1994,5,5,413,4.6,0,0,0,0,0,0,0,0,0.1,0.1,0.9,1.0,1,20,8,0.00,0.00,0.00,0.00,0.00,0.03,0.20,0.23,0.03,0.23,Matches
469,Ollie Watkins,eng ENG,FW,Aston Villa,30-011,1995,21,18,1563,17.4,7,1,8,7,0,0,1,0,8.4,8.4,1.2,9.6,34,15,110,0.40,0.06,0.46,0.40,0.46,0.48,0.07,0.55,0.48,0.55,Matches
470,Tom Watson,eng ENG,FW,Brighton,19-277,2006,6,0,62,0.7,0,0,0,0,0,0,1,0,0.0,0.0,0.0,0.0,3,1,4,0.00,0.00,0.00,0.00,0.00,0.05,0.00,0.05,0.05,0.05,Matches
471,Danny Welbeck,eng ENG,FW,Brighton,35-045,1990,20,12,1121,12.5,8,0,8,7,1,3,3,0,7.2,4.8,0.3,5.2,10,14,47,0.64,0.00,0.64,0.56,0.56,0.58,0.03,0.60,0.39,0.41,Matches
472,Adam Wharton,eng ENG,MF,Crystal Palace,21-338,2004,19,19,1562,17.4,0,2,2,0,0,0,2,0,1.0,1.0,3.9,4.9,22,103,16,0.00,0.12,0.12,0.00,0.12,0.06,0.23,0.28,0.06,0.28,Matches
473,Ben White,eng ENG,DF,Arsenal,28-094,1997,5,4,288,3.2,0,1,1,0,0,0,0,0,0.4,0.4,0.8,1.1,6,21,11,0.00,0.31,0.31,0.00,0.31,0.12,0.24,0.35,0.12,0.35,Matches
474,Mats Wieffer,nl NED,DF,Brighton,26-055,1999,16,13,1181,13.1,0,3,3,0,0,0,4,0,1.2,1.2,3.1,4.3,25,72,45,0.00,0.23,0.23,0.00,0.23,0.09,0.23,0.33,0.09,0.33,Matches
475,Neco Williams,wls WAL,DF,Nott'ham Forest,24-272,2001,21,21,1890,21.0,1,1,2,1,0,0,4,0,1.2,1.2,2.1,3.3,39,91,94,0.05,0.05,0.10,0.05,0.10,0.06,0.10,0.16,0.06,0.16,Matches
476,Estêvão Willian,br BRA,FW,Chelsea,18-261,2007,17,8,610,6.8,1,1,2,1,0,0,3,0,2.3,2.3,2.0,4.4,31,17,73,0.15,0.15,0.30,0.15,0.30,0.35,0.30,0.64,0.35,0.64,Matches
477,Joe Willock,eng ENG,"MF,FW",Newcastle Utd,26-143,1999,11,2,241,2.7,0,0,0,0,0,0,1,0,0.6,0.6,0.3,0.9,14,11,16,0.00,0.00,0.00,0.00,0.00,0.22,0.10,0.33,0.22,0.33,Matches
478,Callum Wilson,eng ENG,FW,West Ham,33-317,1992,17,8,811,9.0,4,1,5,4,0,0,0,0,3.6,3.6,0.2,3.8,13,8,37,0.44,0.11,0.55,0.44,0.55,0.40,0.02,0.42,0.40,0.42,Matches
479,Harry Wilson,wls WAL,"FW,MF",Fulham,28-294,1997,20,18,1496,16.6,7,4,11,7,0,0,5,0,3.8,3.8,2.5,6.3,21,45,111,0.42,0.24,0.66,0.42,0.66,0.23,0.15,0.38,0.23,0.38,Matches
480,Ben Winterburn,eng ENG,MF,Bournemouth,21-128,2004,1,0,7,0.1,0,0,0,0,0,0,0,0,0.0,0.0,0.0,0.0,0,0,0,0.00,0.00,0.00,0.00,0.00,0.00,0.00,0.00,0.00,0.00,Matches
481,Florian Wirtz,de GER,"MF,FW",Liverpool,22-252,2003,20,16,1405,15.6,2,1,3,2,0,0,1,0,4.1,4.1,2.3,6.4,32,101,156,0.13,0.06,0.19,0.13,0.19,0.26,0.15,0.41,0.26,0.41,Matches
482,Yoane Wissa,cd COD,FW,Newcastle Utd,29-129,1996,7,2,246,2.7,1,0,1,1,0,0,1,0,1.5,1.5,0.2,1.7,2,6,10,0.37,0.00,0.37,0.37,0.37,0.55,0.06,0.61,0.55,0.61,Matches
483,Nick Woltemade,de GER,FW,Newcastle Utd,23-330,2002,18,16,1259,14.0,7,2,9,6,1,1,0,0,6.1,5.3,1.2,6.4,5,16,59,0.50,0.14,0.64,0.43,0.57,0.43,0.08,0.52,0.38,0.46,Matches
484,Chris Wood,nz NZL,FW,Nott'ham Forest,34-034,1991,8,7,540,6.0,2,0,2,2,0,0,0,0,2.7,2.7,0.2,2.9,0,7,16,0.33,0.00,0.33,0.33,0.33,0.45,0.03,0.48,0.45,0.48,Matches
485,Joe Worrall,eng ENG,DF,Burnley,29-000,1997,6,1,157,1.7,0,0,0,0,0,0,0,0,0.0,0.0,0.0,0.0,0,2,2,0.00,0.00,0.00,0.00,0.00,0.00,0.00,0.00,0.00,0.00,Matches
486,Granit Xhaka,ch SUI,MF,Sunderland,33-105,1992,21,21,1872,20.8,1,5,6,1,0,0,4,0,0.6,0.6,2.0,2.6,20,127,19,0.05,0.24,0.29,0.05,0.29,0.03,0.10,0.13,0.03,0.13,Matches
487,Yehor Yarmoliuk,ua UKR,MF,Brentford,21-315,2004,21,19,1567,17.4,1,2,3,1,0,0,4,0,0.9,0.9,1.3,2.2,18,68,24,0.06,0.11,0.17,0.06,0.17,0.05,0.07,0.12,0.05,0.12,Matches
488,Ryan Yates,eng ENG,MF,Nott'ham Forest,28-050,1997,11,1,307,3.4,0,1,1,0,0,0,1,0,0.0,0.0,0.1,0.2,1,16,3,0.00,0.29,0.29,0.00,0.29,0.01,0.04,0.05,0.01,0.05,Matches
489,Leny Yoro,fr FRA,DF,Manchester Utd,20-058,2005,21,12,1141,12.7,0,0,0,0,0,0,0,0,0.7,0.7,0.0,0.7,14,58,5,0.00,0.00,0.00,0.00,0.00,0.05,0.00,0.06,0.05,0.06,Matches
490,Oleksandr Zinchenko,ua UKR,DF,Nott'ham Forest,29-026,1996,5,4,353,3.9,0,0,0,0,0,0,0,0,0.1,0.1,0.5,0.6,12,41,14,0.00,0.00,0.00,0.00,0.00,0.02,0.13,0.15,0.02,0.15,Matches
491,Joshua Zirkzee,nl NED,"FW,MF",Manchester Utd,24-233,2001,14,4,490,5.4,2,1,3,2,0,0,1,0,1.9,1.9,0.9,2.8,3,16,27,0.37,0.18,0.55,0.37,0.55,0.36,0.17,0.52,0.36,0.52,Matches
492,Martín Zubimendi,es ESP,MF,Arsenal,26-342,1999,21,20,1769,19.7,3,1,4,3,0,0,4,0,1.9,1.9,1.1,2.9,29,118,25,0.15,0.05,0.20,0.15,0.20,0.10,0.05,0.15,0.10,0.15,Matches
493,Martin Ødegaard,no NOR,MF,Arsenal,27-024,1998,15,11,874,9.7,1,3,4,1,0,0,0,0,0.9,0.9,2.4,3.3,27,102,27,0.10,0.31,0.41,0.10,0.41,0.09,0.25,0.33,0.09,0.33,Matches
